t_s,speed_kmh,grade_pct
0,0,0
1,3.438,0
2,5.441,0
3,6.884,0
4,7.541,0
5,7.536,0
6,6.99,0
7,5.97,0
8,4.638,0
9,3.335,0
10,2.472,0
11,2.325,0
12,2.915,0
13,4.047,0
14,5.433,0
15,6.786,0
16,7.886,0
17,8.661,0
18,9.194,0
19,9.633,0
20,10.076,0
21,10.531,0
22,10.924,0
23,11.172,0
24,11.258,0
25,11.189,0
26,10.945,0
27,10.537,0
28,10.069,0
29,9.675,0
30,9.368,0
31,8.975,0
32,8.32,0
33,7.501,0
34,6.886,0
35,6.821,0
36,7.341,0
37,8.142,0
38,8.828,0
39,9.217,0
40,9.483,0
41,10.088,0
42,11.446,0
43,13.504,0
44,15.667,0
45,17.201,0
46,17.729,0
47,17.482,0
48,17.09,0
49,17.113,0
50,17.711,0
51,18.687,0
52,19.822,0
53,21.082,0
54,22.44,0
55,23.708,0
56,24.595,0
57,24.891,0
58,24.743,0
59,24.666,0
60,25.135,0
61,26.256,0
62,27.852,0
63,29.61,0
64,31.206,0
65,32.453,0
66,33.365,0
67,34.079,0
68,34.749,0
69,35.445,0
70,36.139,0
71,36.795,0
72,37.433,0
73,38.103,0
74,38.828,0
75,39.521,0
76,39.989,0
77,40.101,0
79,39.785,0
80,39.875,0
81,40.275,0
82,40.819,0
83,41.231,0
84,41.304,0
85,40.99,0
86,40.405,0
87,39.766,0
88,39.21,0
89,38.669,0
90,37.967,0
91,37.018,0
92,35.917,0
93,34.882,0
94,34.117,0
95,33.73,0
96,33.745,0
97,34.082,0
98,34.562,0
99,34.994,0
100,35.254,0
101,35.277,0
102,35.055,0
103,34.646,0
104,34.181,0
105,33.8,0
106,33.527,0
107,33.181,0
108,32.505,0
109,31.368,0
110,29.805,0
111,27.839,0
112,25.4,0
113,22.525,0
114,19.566,0
115,17.096,0
116,15.619,0
117,15.28,0
118,15.739,0
119,16.435,0
120,17.014,0
121,17.476,0
122,18.01,0
123,18.722,0
124,19.447,0
125,19.856,0
126,19.767,0
127,19.23,0
128,18.37,0
129,17.254,0
130,15.904,0
131,14.451,0
132,13.241,0
133,12.598,0
134,12.551,0
135,12.904,0
136,13.415,0
137,13.897,0
138,14.297,0
139,14.625,0
140,14.839,0
141,14.909,0
142,14.903,0
143,14.879,0
144,14.795,0
145,14.56,0
146,14.165,0
147,13.697,0
148,13.234,0
149,12.788,0
150,12.331,0
151,11.871,0
152,11.481,0
153,11.253,0
154,11.2,0
155,11.226,0
156,11.118,0
157,10.617,-0.1233
158,9.59,-0.1233
159,8.152,-0.1233
160,6.617,-0.1233
161,5.338,-0.1233
162,4.48,-0.1233
163,3.944,-0.1233
164,3.566,-0.1233
165,3.323,-0.1233
166,3.312,-0.1233
167,3.624,-0.1233
168,4.218,-0.1233
169,4.884,-0.1233
170,5.389,-0.1233
171,5.645,-0.1233
172,5.716,-0.1233
173,5.716,-0.1233
174,5.712,-0.1233
175,5.709,-0.1233
176,5.702,-0.1233
177,5.693,-0.1233
178,5.693,-0.1233
179,5.689,-0.1233
180,5.621,-0.1233
181,5.397,-0.1233
182,4.925,-0.1233
183,4.134,-0.1233
184,3.028,-0.1233
185,1.795,-0.1233
186,0,-0.1233
1672,0,-0.1233
1674,4.044,-0.1585
1675,6.067,-0.1761
1679,14.155,-0.2465
1680,16.134,-0.2471
1681,18.113,-0.2478
1683,22.071,-0.249
1684,27.215,-0.2518
1685,28.89,-0.2543
1686,28.515,-0.2571
1687,27.74,-0.2592
1688,27.245,-0.2612
1689,26.878,-0.263
1690,26.31,-0.2646
1691,25.448,-0.2662
1692,24.514,-0.2677
1693,23.836,-0.269
1694,23.59,-0.2706
1695,23.696,-0.2721
1696,23.879,-0.2735
1697,23.847,-0.2749
1698,23.504,-0.2758
1699,22.941,-0.2768
1700,22.285,-0.2774
1701,21.639,-0.2779
1702,21.085,-0.2782
1703,20.68,-0.2752
1704,20.459,-0.2762
1705,20.402,-0.2787
1706,20.426,-0.2818
1707,20.461,-0.2845
1708,20.479,-0.2875
1709,20.478,-0.2908
1710,20.459,-0.294
1711,20.431,-0.2968
1712,20.406,-0.2995
1713,20.391,-0.3023
1714,20.386,-0.3053
1715,20.382,-0.3085
1716,20.388,-0.3122
1717,20.47,-0.3168
1718,20.713,-0.3227
1719,21.139,-0.3317
1720,21.638,-0.347
1721,22.004,-0.3808
1722,22.037,-0.3828
1723,21.639,-0.385
1724,20.851,-0.435
1725,19.856,-0.4647
1726,18.946,-0.4874
1727,18.373,-0.5087
1728,18.206,-0.5308
1729,18.314,-0.5534
1730,18.429,-0.5758
1731,18.311,-0.5979
1732,17.883,-0.6218
1733,17.219,-0.6513
1734,16.46,-0.6908
1735,15.657,-0.7408
1736,14.599,-0.7892
1737,12.881,-0.825
1738,10.238,-0.7378
1739,6.914,-0.7378
1740,3.749,-0.7378
1741,0,-0.7378
1742,0,-0.7378
1743,2.783,-0.7378
1744,4.276,-0.7378
1745,5.226,-0.7378
1746,5.467,-0.7378
1747,5.343,-0.7378
1748,5.251,-0.7378
1749,5.316,-0.7378
1750,5.352,-0.7378
1751,5.044,-0.7378
1752,4.294,-0.7378
1753,3.38,-0.7378
1754,2.775,-0.7378
1755,2.851,-0.7378
1756,3.654,-0.7378
1757,4.874,-0.7378
1758,6.07,-0.7378
1759,6.933,-0.7378
1760,7.373,-0.7378
1761,7.508,-0.7378
1762,7.595,-0.7378
1763,7.823,-0.7378
1764,8.153,-0.7378
1765,8.391,-0.7378
1766,8.388,-0.7378
1767,8.15,-0.7378
1768,7.832,-0.7378
1769,7.61,-0.7378
1770,7.537,-0.7378
1771,7.542,-0.7378
1772,7.553,-0.7378
1773,7.556,-0.7378
1791,7.556,-0.7378
1792,7.564,-0.7378
1793,7.599,-0.7378
1794,7.606,-0.7378
1795,7.373,-0.7378
1796,6.722,-0.7378
1797,5.845,-0.7378
1798,5.241,-0.7378
1799,5.304,-0.7378
1800,6.048,-0.7378
1801,7.124,-0.7378
1802,8.154,-0.7378
1803,9.092,-0.7378
1804,10.098,-0.7378
1805,11.161,-0.6505
1806,12.082,-0.6405
1807,12.695,-0.6302
1808,12.978,-0.6198
1809,13.032,-0.609
1810,13.016,-0.598
1811,13.074,-0.587
1812,13.306,-0.5763
1813,13.714,-0.5655
1814,14.195,-0.5545
1815,14.593,-0.5435
1816,14.809,-0.5315
1817,14.859,-0.5175
1818,14.839,-0.5
1819,14.821,-0.4795
1820,14.819,-0.4595
1821,14.83,-0.4432
1822,14.849,-0.431
1823,14.87,-0.4218
1824,14.898,-0.4145
1825,14.99,-0.4095
1826,15.229,-0.4068
1827,15.633,-0.406
1828,16.093,-0.4075
1829,16.414,-0.4105
1830,16.474,-0.4148
1831,16.351,-0.42
1832,16.26,-0.4255
1833,16.4,-0.431
1834,16.815,-0.4358
1835,17.326,-0.4395
1836,17.655,-0.4418
1837,17.658,-0.4425
1838,17.404,-0.4423
1839,17.075,-0.44
1840,16.816,-0.4372
1841,16.602,-0.4343
1842,16.297,-0.4313
1843,15.8,-0.428
1844,15.055,-0.4262
1845,14.029,-0.4245
1846,12.767,-0.4228
1847,11.454,-0.421
1848,10.34,-0.4084
1849,9.559,-0.4084
1850,9.095,-0.4084
1851,8.913,-0.4084
1852,9.046,-0.4084
1853,9.579,-0.4084
1854,10.588,-0.4084
1855,12.028,-0.3957
1856,13.713,-0.3917
1857,15.407,-0.3877
1858,16.859,-0.3838
1859,17.861,-0.3798
1860,18.404,-0.3757
1861,18.679,-0.3715
1862,18.863,-0.3673
1863,19.001,-0.3622
1864,19.096,-0.3563
1865,19.216,-0.3498
1866,19.497,-0.3425
1867,20.082,-0.3342
1868,20.98,-0.3245
1869,22.022,-0.3135
1870,23.029,-0.3015
1871,23.926,-0.288
1872,24.689,-0.2742
1873,25.288,-0.261
1874,25.696,-0.2488
1875,25.916,-0.2383
1876,26.001,-0.2298
1877,26.013,-0.2227
1878,25.951,-0.217
1879,25.802,-0.2132
1880,25.637,-0.2103
1881,25.568,-0.2075
1882,25.641,-0.205
1883,25.807,-0.2047
1884,25.965,-0.2037
1885,26.031,-0.2033
1886,25.964,-0.2035
1887,25.735,-0.2053
1888,25.337,-0.2085
1889,24.802,-0.2145
1890,24.178,-0.2253
1891,23.49,-0.245
1892,22.717,-0.2863
1893,21.832,-0.2877
1894,20.881,-0.2892
1895,20.007,-0.2911
1896,19.413,-0.2939
1897,19.226,-0.2969
1898,19.292,-0.3
1899,19.195,-0.3033
1900,18.57,-0.3066
1901,17.387,-0.31
1902,15.949,-0.3137
1903,14.611,-0.3183
1904,13.46,-0.3243
1905,12.3,-0.4107
1906,10.93,-0.6414
1907,9.306,-0.6414
1908,7.5,-0.6414
1909,5.605,-0.6414
1910,3.732,-0.6414
1911,2.062,-0.6414
1912,0,-0.6414
1923,0,-0.6414
1924,2.04,-0.6414
1925,3.12,-0.6414
1926,3.907,-0.6414
1927,4.463,-0.6414
1928,5.06,-0.6414
1929,5.893,-0.6414
1930,7,-0.6414
1931,8.335,-0.6414
1932,9.782,-0.6414
1933,11.107,-0.8721
1934,12.095,-0.862
1935,12.766,-0.8532
1936,13.396,-0.8459
1937,14.309,-0.8409
1938,15.577,-0.8382
1939,16.928,-0.8371
1940,17.976,-0.8392
1941,18.522,-0.8449
1942,18.673,-0.855
1943,18.667,-0.8682
1944,18.654,-0.8868
1945,18.64,-0.8698
1946,18.55,-0.8838
1947,18.307,-0.8715
1948,17.907,-0.8958
1949,17.443,-0.9235
1950,17.056,-0.952
1951,16.829,-0.982
1952,16.701,-1.025
1953,16.485,-1.117
1954,15.972,-1.1285
1955,15.075,-1.1421
1956,13.884,-1.1573
1957,12.561,-1.1742
1958,11.205,-1.1889
1959,9.857,-0.5313
1960,8.536,-0.5313
1961,7.276,-0.5313
1962,6.154,-0.5313
1963,5.227,-0.5313
1964,4.446,-0.5313
1965,3.747,-0.5313
1966,3.186,-0.5313
1967,2.895,-0.5313
1968,2.924,-0.5313
1969,3.118,-0.5313
1970,3.135,-0.5313
1971,2.661,-0.5313
1972,1.741,-0.5313
1973,0,-0.5313
2074,0,-0.5313
2076,3.672,-0.5313
2077,5.507,-0.5313
2079,9.179,-0.5313
2080,14.857,0.1262
2081,19.697,0.1214
2082,23.408,0.1165
2083,26.362,0.1138
2084,28.752,0.1112
2085,30.586,0.1088
2086,31.958,0.1063
2087,33.093,0.1039
2088,34.171,0.1017
2089,35.17,0.0987
2090,36,0.0958
2091,36.731,0.0931
2092,37.547,0.0906
2093,38.616,0.0882
2094,40.01,0.086
2095,41.645,0.0839
2096,43.39,0.0819
2097,45.21,0.0792
2098,47.028,0.0767
2099,48.59,0.0742
2100,49.646,0.0598
2101,50.146,0.0505
2102,50.303,0.0443
2103,50.582,0.039
2104,51.373,0.0342
2105,52.579,0.03
2106,53.689,0.0267
2107,54.289,0.0248
2108,54.445,0.0227
2109,54.622,0.0205
2110,55.189,0.0192
2111,56.011,0.018
2112,56.617,0.017
2113,56.691,0.0155
2114,56.344,0.0148
2115,55.992,0.014
2116,56.034,0.0132
2117,56.587,0.0123
2118,57.461,0.012
2119,58.349,0.0118
2120,59.046,0.0115
2121,59.56,0.0112
2122,60.09,0.0112
2123,60.852,0.0103
2124,61.872,0.0095
2125,62.99,0.0087
2126,64.081,0.0083
2127,65.16,0.0077
2128,66.3,0.007
2129,67.531,0.007
2130,68.797,0.007
2131,69.962,0.0077
2132,70.922,0.0085
2133,71.683,0.0092
2134,72.275,0.01
2135,72.709,0.0107
2136,73.046,0.0115
2137,73.43,0.013
2138,74.027,0.0145
2139,74.909,0.016
2140,75.957,0.0175
2141,76.912,0.019
2142,77.554,0.0205
2143,77.833,0.022
2144,77.872,0.0238
2145,77.906,0.0253
2146,78.174,0.027
2147,78.781,0.0278
2148,79.649,0.028
2149,80.618,0.0285
2150,81.572,0.029
2151,82.443,0.0295
2152,83.164,0.0302
2153,83.699,0.031
2154,84.066,0.0318
2155,84.345,0.0323
2156,84.631,0.033
2157,84.93,0.034
2158,85.137,0.035
2159,85.209,0.036
2160,85.275,0.0372
2161,85.565,0.0385
2162,86.278,0.0398
2163,87.456,0.0413
2164,88.898,0.0425
2165,90.251,0.0438
2166,91.252,0.045
2167,91.88,0.0465
2168,92.321,0.0483
2169,92.787,0.05
2170,93.331,0.0517
2171,93.86,0.0527
2172,94.328,0.0537
2173,94.777,0.0548
2174,95.244,0.0558
2175,95.744,0.0567
2176,96.287,0.0575
2177,96.844,0.0583
2178,97.326,0.059
2179,97.618,0.0598
2180,97.619,0.0602
2181,97.334,0.0607
2182,96.938,0.0612
2183,96.632,0.0617
2184,96.48,0.0622
2185,96.431,0.0628
2186,96.41,0.063
2187,96.393,0.0633
2188,96.432,0.0638
2189,96.565,0.0643
2190,96.729,0.0648
2191,96.819,0.0653
2192,96.766,0.065
2193,96.534,0.0648
2194,96.132,0.0645
2195,95.643,0.0645
2196,95.224,0.064
2197,95.063,0.0635
2198,95.277,0.063
2199,95.786,0.0625
2200,96.298,0.0617
2201,96.481,0.061
2202,96.217,0.0602
2203,95.657,0.0585
2204,95.068,0.0567
2205,94.671,0.055
2206,94.526,0.0532
2207,94.531,0.0513
2208,94.549,0.0493
2209,94.473,0.0473
2210,94.234,0.0452
2211,93.893,0.0435
2212,93.638,0.0418
2213,93.637,0.04
2214,93.882,0.0382
2215,94.152,0.036
2216,94.171,0.034
2217,93.847,0.032
2218,93.296,0.03
2219,92.704,0.0285
2220,92.219,0.0272
2221,91.917,0.026
2222,91.829,0.0248
2223,91.941,0.0235
2224,92.176,0.022
2225,92.404,0.0205
2226,92.493,0.019
2227,92.41,0.0175
2228,92.268,0.0163
2229,92.219,0.015
2230,92.314,0.0138
2231,92.493,0.0123
2232,92.656,0.0112
2233,92.796,0.0103
2234,93.012,0.0092
2235,93.39,0.008
2236,93.916,0.0077
2237,94.469,0.0075
2238,94.85,0.0073
2239,94.912,0.007
2240,94.742,0.0063
2241,94.626,0.0055
2242,94.801,0.0047
2243,95.229,0.0047
2244,95.59,0.0053
2245,95.538,0.0057
2246,94.998,0.0063
2247,94.189,0.0067
2248,93.377,0.0073
2249,92.719,0.0077
2250,92.31,0.0083
2251,92.165,0.0085
2252,92.16,0.0085
2253,92.111,0.0087
2254,91.951,0.009
2255,91.789,0.0097
2256,91.802,0.0105
2257,92.04,0.0112
2258,92.38,0.012
2259,92.697,0.0123
2260,93.013,0.0125
2261,93.407,0.0128
2262,93.861,0.013
2263,94.254,0.0132
2264,94.492,0.0138
2265,94.592,0.0142
2266,94.621,0.0148
2267,94.551,0.0152
2268,94.226,0.0155
2269,93.56,0.0158
2270,92.719,0.0163
2271,92.059,0.017
2272,91.829,0.0178
2273,91.947,0.0185
2274,92.052,0.0192
2275,91.82,0.0202
2276,91.257,0.0205
2277,90.665,0.0205
2278,90.368,0.0205
2279,90.545,0.0205
2280,91.137,0.021
2281,91.823,0.0212
2282,92.228,0.0215
2283,92.174,0.0215
2284,91.686,0.021
2285,90.878,0.0205
2286,89.932,0.02
2287,89.087,0.0195
2288,88.572,0.019
2289,88.497,0.0185
2290,88.816,0.018
2291,89.397,0.0175
2292,90.128,0.0172
2293,90.935,0.0165
2294,91.641,0.0158
2295,91.999,0.015
2296,92.023,0.014
2297,92.076,0.013
2298,92.478,0.012
2299,93.202,0.011
2300,94.008,0.01
2301,94.779,0.009
2302,95.634,0.008
2303,96.676,0.007
2304,97.714,0.0063
2305,98.42,0.0055
2306,98.706,0.0047
2307,98.815,0.004
2308,99.046,0.0037
2309,99.454,0.0035
2310,99.813,0.003
2311,99.848,0.0025
2312,99.467,0.0017
2313,98.752,0.001
2314,97.839,0.0003
2315,96.839,-0.0005
2316,95.914,-0.0013
2317,95.378,-0.0017
2318,95.584,-0.0023
2319,96.642,-0.0028
2320,98.272,-0.003
2321,99.936,-0.003
2322,101.142,-0.003
2323,101.679,-0.0028
2324,101.643,-0.003
2325,101.32,-0.0032
2326,101.044,-0.0035
2327,101.035,-0.0037
2328,101.296,-0.0043
2329,101.648,-0.0047
2330,101.886,-0.0055
2331,101.972,-0.0063
2332,102.038,-0.0067
2333,102.184,-0.007
2334,102.35,-0.0073
2335,102.418,-0.0075
2336,102.344,-0.0067
2337,102.177,-0.006
2338,102.027,-0.0053
2339,101.96,-0.0045
2340,101.952,-0.0043
2341,101.948,-0.004
2342,101.949,-0.0037
2343,102.007,-0.0037
2344,102.166,-0.0043
2345,102.417,-0.0047
2346,102.663,-0.005
2347,102.707,-0.0053
2348,102.38,-0.0047
2349,101.733,-0.0043
2350,101.052,-0.0037
2351,100.692,-0.0032
2352,100.875,-0.0028
2353,101.521,-0.002
2354,102.278,-0.0013
2355,102.764,-0.0005
2356,102.821,0.0003
2357,102.556,-0.0003
2358,102.204,-0.0008
2359,101.965,-0.0013
2360,101.884,-0.0025
2361,101.883,-0.0037
2362,101.892,-0.005
2363,101.895,-0.0063
2364,101.904,-0.007
2365,101.921,-0.0077
2366,101.925,-0.0085
2367,101.857,-0.0095
2368,101.7,-0.009
2369,101.534,-0.0085
2370,101.473,-0.0077
2371,101.567,-0.007
2372,101.772,-0.0073
2373,101.942,-0.0075
2374,101.859,-0.0077
2375,101.387,-0.008
2376,100.629,-0.009
2377,99.876,-0.01
2378,99.457,-0.011
2379,99.61,-0.012
2380,100.353,-0.0123
2381,101.422,-0.0125
2382,102.419,-0.0128
2383,103.008,-0.0128
2384,103.05,-0.0128
2385,102.686,-0.0128
2386,102.246,-0.013
2387,101.979,-0.013
2388,101.909,-0.0142
2389,101.93,-0.0155
2390,101.961,-0.0168
2391,101.982,-0.018
2392,101.984,-0.019
2393,101.901,-0.0202
2394,101.665,-0.0215
2395,101.332,-0.023
2396,101.086,-0.0245
2397,101.082,-0.0243
2398,101.322,-0.0232
2399,101.647,-0.0217
2400,101.871,-0.0198
2401,101.936,-0.0178
2402,101.918,-0.0158
2403,101.896,-0.0135
2404,101.901,-0.01
2405,101.945,-0.0065
2406,101.962,-0.003
2407,101.774,-0.0003
2408,101.301,0.0003
2409,100.766,0.0008
2410,100.514,0.0013
2411,100.707,0.0013
2412,101.208,0.0023
2413,101.686,0.0032
2414,101.927,0.0043
2415,102.034,0.005
2416,102.178,0.0057
2417,102.359,0.0067
2418,102.505,0.008
2419,102.587,0.009
2420,102.584,0.0097
2421,102.499,0.0105
2422,102.356,0.0118
2423,102.179,0.013
2424,102.025,0.0155
2425,101.955,0.018
2426,101.94,0.021
2427,101.875,0.0235
2428,101.715,0.0262
2429,101.549,0.029
2430,101.556,0.0305
2431,101.872,0.0318
2432,102.446,0.033
2433,103.009,0.0342
2434,103.255,0.0353
2435,103.098,0.0367
2436,102.693,0.0382
2437,102.276,0.0393
2438,102.013,0.0393
2439,101.995,0.0385
2440,102.3,0.0377
2441,102.948,0.037
2442,103.772,0.0362
2443,104.424,0.0355
2444,104.573,0.0335
2445,104.162,0.0315
2446,103.501,0.0295
2447,103.008,0.0282
2448,102.835,0.028
2449,102.835,0.0278
2450,102.834,0.0272
2451,102.817,0.0262
2452,102.909,0.026
2453,103.217,0.0267
2454,103.643,0.0275
2455,103.979,0.0282
2456,104.15,0.029
2457,104.205,0.0295
2458,104.121,0.0298
2459,103.749,0.0305
2460,102.941,0.0312
2461,101.778,0.032
2462,100.627,0.0323
2463,99.889,0.0323
2464,99.744,0.0305
2465,100.108,0.0287
2466,100.699,0.0258
2467,101.182,0.023
2468,101.327,0.0202
2469,101.128,0.018
2470,100.869,0.0168
2471,100.945,0.0158
2472,101.456,0.0148
2473,102.04,0.0138
2474,102.206,0.0125
2475,101.793,0.011
2476,101.111,0.0095
2477,100.628,0.008
2478,100.571,0.0067
2479,100.825,0.0057
2480,101.109,0.0047
2481,101.186,0.0037
2482,100.993,0.0025
2483,100.648,0.001
2484,100.436,-0.0005
2485,100.662,-0.002
2486,101.41,-0.0037
2487,102.498,-0.0053
2488,103.598,-0.0067
2489,104.267,-0.0083
2490,104.166,-0.0095
2491,103.452,-0.0097
2492,102.795,-0.011
2493,102.915,-0.0132
2494,104.014,-0.0152
2495,105.528,-0.0172
2496,106.528,-0.0192
2497,106.516,-0.0212
2498,105.759,-0.0232
2499,104.838,-0.0255
2500,104.101,-0.0278
2501,103.552,-0.0302
2502,103.077,-0.0328
2503,102.676,-0.035
2504,102.444,-0.0367
2505,102.399,-0.0387
2506,102.421,-0.04
2507,102.369,-0.041
2508,102.218,-0.042
2509,102.064,-0.0435
2510,101.993,-0.045
2511,101.976,-0.0465
2512,101.898,-0.048
2513,101.658,-0.0495
2514,101.246,-0.051
2515,100.783,-0.0525
2516,100.467,-0.054
2517,100.395,-0.0555
2518,100.422,-0.057
2519,100.323,-0.0585
2520,100.074,-0.06
2521,99.894,-0.0615
2522,100.04,-0.0633
2523,100.556,-0.065
2524,101.208,-0.0668
2525,101.695,-0.0685
2526,101.844,-0.07
2527,101.666,-0.0718
2528,101.314,-0.0735
2529,100.985,-0.0752
2530,100.831,-0.0772
2531,100.916,-0.0795
2532,101.178,-0.0818
2533,101.478,-0.084
2534,101.764,-0.0865
2535,102.129,-0.0888
2536,102.756,-0.0912
2537,103.748,-0.0938
2538,104.821,-0.0963
2539,105.335,-0.0988
2540,104.912,-0.1015
2541,103.89,-0.104
2542,102.991,-0.1063
2543,102.684,-0.1085
2544,102.832,-0.1108
2545,102.924,-0.1128
2546,102.679,-0.115
2547,102.279,-0.1175
2548,102.006,-0.12
2549,101.92,-0.1225
2550,101.92,-0.1247
2551,101.93,-0.127
2552,101.929,-0.1293
2553,101.923,-0.1315
2554,101.917,-0.133
2555,101.909,-0.1345
2556,101.881,-0.136
2557,101.871,-0.1375
2558,102.099,-0.139
2559,102.813,-0.1405
2560,103.915,-0.142
2561,104.924,-0.1435
2562,105.34,-0.1445
2563,104.99,-0.1455
2564,104.129,-0.1465
2565,103.227,-0.1473
2566,102.592,-0.1478
2567,102.278,-0.148
2568,102.239,-0.1483
2569,102.35,-0.1485
2570,102.43,-0.148
2571,102.37,-0.1473
2572,102.207,-0.1465
2573,102.041,-0.1462
2574,101.885,-0.1457
2575,101.641,-0.1452
2576,101.255,-0.1445
2577,100.788,-0.1437
2578,100.313,-0.1427
2579,99.857,-0.1417
2580,99.452,-0.1405
2581,99.149,-0.139
2582,99.003,-0.1378
2583,99.01,-0.1365
2584,99.025,-0.1353
2585,98.842,-0.134
2586,98.38,-0.1325
2587,97.743,-0.131
2588,97.12,-0.1295
2589,96.668,-0.1275
2590,96.437,-0.1255
2591,96.377,-0.1235
2592,96.451,-0.1215
2593,96.678,-0.1195
2594,97.055,-0.1177
2595,97.509,-0.116
2596,97.965,-0.1143
2597,98.428,-0.112
2598,98.987,-0.1098
2599,99.724,-0.1075
2600,100.559,-0.1053
2601,101.211,-0.103
2602,101.358,-0.1007
2603,100.921,-0.0985
2604,100.221,-0.096
2605,99.76,-0.094
2606,99.787,-0.0922
2607,100.207,-0.0905
2608,100.78,-0.089
2609,101.291,-0.0872
2610,101.676,-0.086
2611,101.968,-0.0847
2612,102.112,-0.0833
2613,102.01,-0.0813
2614,101.691,-0.0795
2615,101.316,-0.0777
2616,101.054,-0.0755
2617,100.988,-0.0732
2618,101.083,-0.0713
2619,101.233,-0.0692
2620,101.369,-0.0668
2621,101.584,-0.0645
2622,102.061,-0.0622
2623,102.803,-0.06
2624,103.568,-0.0575
2625,104.081,-0.055
2626,104.173,-0.0525
2627,103.822,-0.05
2628,103.149,-0.047
2629,102.32,-0.0445
2630,101.476,-0.042
2631,100.775,-0.0395
2632,100.394,-0.037
2633,100.416,-0.0345
2634,100.764,-0.032
2635,101.243,-0.0293
2636,101.662,-0.0265
2637,101.903,-0.0238
2638,101.912,-0.021
2639,101.686,-0.0182
2640,101.267,-0.0155
2641,100.705,-0.0128
2642,100.055,-0.0097
2643,99.413,-0.0067
2644,98.926,-0.0043
2645,98.732,-0.0015
2646,98.895,0.0013
2647,99.373,0.004
2648,100.037,0.0077
2649,100.714,0.0112
2650,101.219,0.0148
2651,101.396,0.0182
2652,101.222,0.0212
2653,100.877,0.0243
2654,100.609,0.0267
2655,100.524,0.0295
2656,100.586,0.0318
2657,100.745,0.034
2658,100.99,0.0362
2659,101.311,0.0385
2660,101.64,0.0398
2661,101.861,0.041
2662,101.938,0.0423
2663,101.95,0.043
2664,101.973,0.0432
2665,102.003,0.0435
2666,101.956,0.0438
2667,101.747,0.044
2668,101.357,0.0435
2669,100.798,0.043
2670,100.069,0.0425
2671,99.252,0.042
2672,98.579,0.0415
2673,98.31,0.0413
2674,98.538,0.041
2675,99.12,0.0405
2676,99.768,0.04
2677,100.25,0.039
2678,100.514,0.038
2679,100.662,0.037
2680,100.802,0.0362
2681,100.949,0.0355
2682,101.091,0.0345
2683,101.238,0.0335
2684,101.396,0.0328
2685,101.562,0.032
2686,101.686,0.0312
2687,101.626,0.0305
2688,101.297,0.0293
2689,100.823,0.028
2690,100.476,0.0267
2691,100.468,0.0255
2692,100.796,0.025
2693,101.278,0.0245
2694,101.69,0.0245
2695,101.853,0.0243
2696,101.698,0.0243
2697,101.297,0.0243
2698,100.815,0.0243
2699,100.412,0.0243
2700,100.184,0.0248
2701,100.115,0.0253
2702,100.114,0.0258
2703,100.11,0.0275
2704,100.104,0.0295
2705,100.163,0.0315
2706,100.394,0.0335
2707,100.861,0.0355
2708,101.481,0.0377
2709,102.049,0.04
2710,102.426,0.0423
2711,102.664,0.044
2712,102.884,0.0457
2713,103.111,0.0473
2714,103.273,0.0487
2715,103.33,0.0508
2716,103.358,0.0527
2717,103.46,0.0548
2718,103.572,0.0567
2719,103.435,0.0585
2720,102.864,0.06
2721,101.967,0.0615
2722,101.047,0.063
2723,100.38,0.0643
2724,100.055,0.0655
2725,99.989,0.0668
2726,100.087,0.068
2727,100.341,0.0692
2728,100.739,0.0703
2729,101.215,0.0713
2730,101.693,0.0723
2731,102.096,0.0735
2732,102.353,0.0742
2733,102.427,0.075
2734,102.331,0.0757
2735,102.148,0.0767
2736,102.066,0.077
2737,102.239,0.0772
2738,102.589,0.0775
2739,102.848,0.0777
2740,102.759,0.0785
2741,102.257,0.0793
2742,101.571,0.08
2743,101.082,0.08
2744,101.002,0.0795
2745,101.252,0.079
2746,101.595,0.0785
2747,101.823,0.078
2748,101.903,0.0775
2749,101.957,0.077
2750,102.099,0.0765
2751,102.342,0.0765
2752,102.66,0.0762
2753,103.013,0.0757
2754,103.331,0.0757
2755,103.509,0.0752
2756,103.439,0.0747
2757,103.1,0.0742
2758,102.637,0.0737
2759,102.31,0.0735
2760,102.323,0.0732
2761,102.659,0.0725
2762,103.068,0.0718
2763,103.237,0.0713
2764,102.978,0.0705
2765,102.318,0.0697
2766,101.506,0.069
2767,100.862,0.0682
2768,100.549,0.0675
2769,100.484,0.0668
2770,100.498,0.066
2771,100.578,0.065
2772,100.891,0.0643
2773,101.548,0.0633
2774,102.369,0.0622
2775,102.942,0.061
2776,102.932,0.0602
2777,102.348,0.0598
2778,101.519,0.0593
2779,100.855,0.0588
2780,100.608,0.0578
2781,100.787,0.057
2782,101.203,0.0565
2783,101.61,0.056
2784,101.85,0.0558
2785,101.926,0.0555
2786,101.924,0.0553
2787,101.923,0.055
2788,101.994,0.0548
2789,102.166,0.0545
2790,102.352,0.0537
2791,102.359,0.053
2792,102.073,0.052
2793,101.645,0.0515
2794,101.402,0.0505
2795,101.499,0.0493
2796,101.741,0.0483
2797,101.784,0.0473
2798,101.441,0.0462
2799,100.788,0.0452
2800,99.992,0.0438
2801,99.182,0.0427
2802,98.481,0.0418
2803,98.028,0.0408
2804,97.899,0.0398
2805,98.023,0.0385
2806,98.182,0.0372
2807,98.201,0.036
2808,98.125,0.0345
2809,98.096,0.0323
2810,98.122,0.03
2811,98.108,0.0278
2812,98.017,0.0255
2813,97.906,0.0235
2814,97.934,0.0217
2815,98.271,0.02
2816,98.909,0.018
2817,99.644,0.0155
2818,100.248,0.013
2819,100.608,0.0105
2820,100.747,0.008
2821,100.805,0.0053
2822,100.923,0.002
2823,101.102,-0.0013
2824,101.245,-0.0037
2825,101.337,-0.006
2826,101.437,-0.0083
2827,101.578,-0.0105
2828,101.743,-0.0128
2829,101.869,-0.0148
2830,101.911,-0.0163
2831,101.902,-0.0178
2832,101.905,-0.0187
2833,101.933,-0.0202
2834,101.97,-0.0217
2835,101.999,-0.023
2836,102.01,-0.0255
2837,102.004,-0.028
2838,101.988,-0.031
2839,101.951,-0.034
2840,101.842,-0.036
2841,101.642,-0.038
2842,101.448,-0.04
2843,101.443,-0.042
2844,101.761,-0.0438
2845,102.361,-0.0452
2846,103.03,-0.0473
2847,103.524,-0.0493
2848,103.703,-0.0515
2849,103.537,-0.0532
2850,103.056,-0.055
2851,102.332,-0.0567
2852,101.509,-0.059
2853,100.8,-0.0617
2854,100.391,-0.0648
2855,100.337,-0.0678
2856,100.524,-0.0705
2857,100.739,-0.0715
2858,100.841,-0.0725
2859,100.983,-0.0735
2860,101.46,-0.0742
2861,102.231,-0.0755
2862,102.819,-0.0765
2863,102.741,-0.0775
2864,101.906,-0.0793
2865,100.735,-0.0813
2866,99.853,-0.0833
2867,99.48,-0.0852
2868,99.348,-0.0892
2869,99.162,-0.0932
2870,98.854,-0.0975
2871,98.523,-0.1017
2872,98.327,-0.1053
2873,98.275,-0.109
2874,98.093,-0.1128
2875,97.443,-0.1165
2876,96.252,-0.1197
2877,94.68,-0.1233
2878,92.866,-0.1263
2879,90.861,-0.1295
2880,88.71,-0.1337
2881,86.528,-0.1378
2882,84.447,-0.1417
2883,82.442,-0.146
2884,80.328,-0.1505
2885,78.054,-0.1555
2886,75.894,-0.1605
2887,74.199,-0.1657
2888,72.944,-0.1715
2889,71.686,-0.1772
2890,70.06,-0.1832
2891,68.1,-0.1895
2892,66.105,-0.1962
2893,64.383,-0.2025
2894,62.989,-0.2097
2895,61.681,-0.2168
2896,60.24,-0.2245
2897,58.72,-0.2357
2898,57.258,-0.2482
2899,55.807,-0.265
2900,54.208,-0.284
2901,52.419,-0.3055
2902,50.577,-0.3312
2903,48.811,-0.364
2904,46.99,-0.4245
2905,44.815,-0.5085
2906,42.282,-0.6585
2907,39.876,-0.6726
2908,38.094,-0.6853
2909,36.843,-0.6989
2910,35.494,-0.7131
2911,33.549,-0.728
2912,31.104,-0.7447
2913,28.663,-0.7618
2914,26.664,-0.78
2915,25.14,-0.7994
2916,23.725,-0.8193
2917,22.042,-0.8403
2918,20.041,-0.8629
2919,17.879,-0.8867
2920,15.649,-0.9115
2921,13.274,-0.9388
2922,10.619,-0.6174
2923,7.752,-0.6174
2924,5.034,-0.6174
2925,2.857,-0.6174
2926,0,-0.6174
2977,0,-0.6174
2978,2.264,-0.6174
2979,4.529,-0.6174
2980,6.793,-0.6174
2981,10.742,-0.6174
2982,13.686,-0.2959
2983,15.319,-0.2804
2984,16.102,-0.2679
2985,16.632,-0.2564
2986,17.273,-0.2458
2987,18.069,-0.2359
2988,18.86,-0.2268
2989,19.454,-0.2183
2990,19.788,-0.2103
2991,20.093,-0.2029
2992,20.829,-0.1959
2993,22.302,-0.1891
2994,24.448,-0.1832
2995,26.922,-0.1777
2996,29.282,-0.1719
2997,31.275,-0.1665
2998,33.028,-0.1613
2999,34.87,-0.1564
3000,36.946,-0.1525
3001,39.098,-0.1113
3002,41.059,-0.0852
3003,42.693,-0.0692
3004,44.008,-0.0545
3005,45.071,-0.0408
3006,45.945,-0.0272
3007,46.632,-0.0185
3008,47.033,-0.015
3009,47.04,-0.012
3010,46.679,-0.009
3011,46.173,-0.0043
3012,45.834,0.0023
3013,45.841,0.0085
3014,46.099,0.0142
3015,46.405,0.018
3016,46.695,0.019
3017,47.033,0.0178
3018,47.51,0.0165
3019,48.323,0.0135
3020,49.714,0.0118
3021,51.659,0.01
3022,53.714,0.0085
3023,55.254,0.007
3024,55.894,0.0065
3025,55.859,0.005
3026,55.954,0.0035
3027,56.97,0.002
3028,59.066,0.0005
3029,61.74,-0.0013
3030,64.207,-0.0023
3031,65.85,-0.0032
3032,66.598,-0.004
3033,66.844,-0.0055
3034,66.997,-0.0065
3035,67.263,-0.0075
3036,67.745,-0.009
3037,68.521,-0.0107
3038,69.657,-0.0125
3039,71.138,-0.0142
3040,72.799,-0.0152
3041,74.493,-0.0163
3042,76.224,-0.0172
3043,78.019,-0.0182
3044,79.787,-0.0198
3045,81.373,-0.0212
3046,82.709,-0.0227
3047,83.925,-0.0243
3048,85.197,-0.025
3049,86.509,-0.0255
3050,87.639,-0.026
3051,88.367,-0.0265
3052,88.716,-0.0275
3053,89.011,-0.0285
3054,89.593,-0.0298
3055,90.464,-0.0312
3056,91.332,-0.0323
3057,92.057,-0.0333
3058,92.871,-0.0342
3059,94.124,-0.0353
3060,95.891,-0.0367
3061,97.772,-0.0387
3062,99.183,-0.0408
3063,99.953,-0.0427
3064,100.394,-0.0447
3065,100.819,-0.0457
3066,101.269,-0.0467
3067,101.657,-0.048
3068,101.963,-0.0493
3069,102.278,-0.0508
3070,102.649,-0.053
3071,102.899,-0.0553
3072,102.655,-0.058
3073,101.689,-0.0602
3074,100.344,-0.0625
3075,99.367,-0.0645
3076,99.222,-0.0668
3077,99.728,-0.0687
3078,100.324,-0.0708
3079,100.597,-0.0727
3080,100.653,-0.0747
3081,100.911,-0.0767
3082,101.553,-0.0788
3083,102.302,-0.0807
3084,102.707,-0.0828
3085,102.504,-0.0847
3086,101.815,-0.087
3087,101.137,-0.0892
3088,101.069,-0.0912
3089,101.77,-0.0932
3090,102.722,-0.0953
3091,103.175,-0.0972
3092,102.843,-0.0992
3093,102.068,-0.101
3094,101.398,-0.1025
3095,101.085,-0.1043
3096,101.017,-0.106
3097,101.031,-0.1077
3098,101.132,-0.1092
3099,101.388,-0.1108
3100,101.73,-0.1125
3101,101.962,-0.1138
3102,101.928,-0.115
3103,101.664,-0.1167
3104,101.439,-0.118
3105,101.568,-0.1192
3106,102.076,-0.1207
3107,102.655,-0.122
3108,102.928,-0.1235
3109,102.748,-0.1245
3110,102.33,-0.1253
3111,102.015,-0.1265
3112,101.92,-0.1275
3113,101.934,-0.1285
3114,101.957,-0.1298
3115,101.971,-0.131
3116,101.957,-0.132
3117,101.862,-0.133
3118,101.677,-0.1345
3119,101.49,-0.1365
3120,101.418,-0.1383
3121,101.508,-0.14
3122,101.7,-0.1417
3123,101.875,-0.1435
3124,101.954,-0.1452
3125,101.961,-0.147
3126,101.953,-0.1492
3127,101.952,-0.1515
3128,101.967,-0.154
3129,102.041,-0.1568
3130,102.194,-0.1598
3131,102.357,-0.1628
3132,102.427,-0.1657
3133,102.355,-0.1688
3134,102.186,-0.1718
3135,102.004,-0.1745
3136,101.84,-0.1775
3137,101.664,-0.1808
3138,101.508,-0.1842
3139,101.436,-0.188
3140,101.438,-0.191
3141,101.453,-0.194
3142,101.454,-0.197
3143,101.473,-0.2002
3144,101.566,-0.2043
3145,101.73,-0.2083
3146,101.874,-0.2117
3147,101.936,-0.214
3148,101.934,-0.216
3149,101.865,-0.2178
3150,101.668,-0.2213
3151,101.287,-0.2243
3152,100.664,-0.2273
3153,99.804,-0.2298
3154,98.909,-0.2312
3155,98.261,-0.233
3156,97.953,-0.2342
3157,97.904,-0.2355
3158,98.008,-0.2373
3159,98.165,-0.2385
3160,98.336,-0.2397
3161,98.497,-0.2407
3162,98.568,-0.2417
3163,98.546,-0.2427
3164,98.614,-0.2437
3165,98.912,-0.2445
3166,99.373,-0.2442
3167,99.854,-0.244
3168,100.258,-0.2435
3169,100.52,-0.2427
3170,100.609,-0.2417
3171,100.53,-0.2407
3172,100.355,-0.2395
3173,100.256,-0.2383
3174,100.4,-0.237
3175,100.783,-0.2355
3176,101.251,-0.2338
3177,101.657,-0.2318
3178,101.96,-0.2298
3179,102.19,-0.2273
3180,102.359,-0.2248
3181,102.425,-0.2223
3182,102.351,-0.2195
3183,102.178,-0.216
3184,102.019,-0.2122
3185,101.948,-0.2085
3186,101.938,-0.2047
3187,101.946,-0.2018
3188,102.02,-0.1988
3189,102.254,-0.196
3190,102.65,-0.1915
3191,103.039,-0.187
3192,103.187,-0.1825
3193,103.002,-0.1785
3194,102.65,-0.1742
3195,102.404,-0.17
3196,102.429,-0.1662
3197,102.687,-0.1625
3198,102.973,-0.1575
3199,103.07,-0.1525
3200,102.914,-0.1478
3201,102.599,-0.1432
3202,102.258,-0.138
3203,101.96,-0.1327
3204,101.659,-0.1275
3205,101.284,-0.1225
3206,100.821,-0.1177
3207,100.292,-0.1123
3208,99.749,-0.107
3209,99.268,-0.1017
3210,98.883,-0.0968
3211,98.56,-0.091
3212,98.268,-0.0855
3213,98.015,-0.0803
3214,97.857,-0.075
3215,97.873,-0.0697
3216,98.041,-0.0645
3217,98.205,-0.0593
3218,98.194,-0.054
3219,97.968,-0.049
3220,97.632,-0.0445
3221,97.32,-0.04
3222,97.088,-0.0358
3223,96.928,-0.0315
3224,96.849,-0.0272
3225,96.907,-0.0227
3226,97.146,-0.0182
3227,97.469,-0.0142
3228,97.631,-0.0103
3229,97.466,-0.0047
3230,97.078,0.0005
3231,96.744,0.0057
3232,96.664,0.0107
3233,96.833,0.0152
3234,97.136,0.0187
3235,97.471,0.0222
3236,97.776,0.0258
3237,98.02,0.0293
3238,98.176,0.033
3239,98.24,0.0367
3240,98.322,0.0405
3241,98.624,0.0443
3242,99.25,0.0475
3243,100.046,0.0508
3244,100.683,0.054
3245,100.9,0.0572
3246,100.714,0.0605
3247,100.448,0.0633
3248,100.506,0.066
3249,101.061,0.0685
3250,101.957,0.0713
3251,102.854,0.0735
3252,103.425,0.0757
3253,103.559,0.078
3254,103.436,0.0805
3255,103.321,0.0835
3256,103.291,0.0862
3257,103.226,0.089
3258,103.011,0.0917
3259,102.707,0.0948
3260,102.49,0.0978
3261,102.434,0.1007
3262,102.434,0.1037
3263,102.357,0.1077
3264,102.183,0.1118
3265,102.012,0.1155
3266,101.926,0.119
3267,101.908,0.1225
3268,101.908,0.1263
3269,101.91,0.1285
3270,101.915,0.131
3271,101.921,0.1335
3272,101.92,0.136
3273,101.916,0.1388
3274,101.92,0.1412
3275,101.94,0.1437
3276,101.952,0.1467
3277,101.895,0.1497
3278,101.733,0.1522
3279,101.481,0.1547
3280,101.172,0.1573
3281,100.843,0.1598
3282,100.555,0.162
3283,100.379,0.1643
3284,100.373,0.1665
3285,100.543,0.1688
3286,100.845,0.1713
3287,101.198,0.1737
3288,101.531,0.1762
3289,101.785,0.179
3290,101.866,0.1818
3291,101.685,0.1845
3292,101.274,0.1878
3293,100.781,0.191
3294,100.383,0.1945
3295,100.231,0.1975
3296,100.389,0.2008
3297,100.781,0.2037
3298,101.243,0.2063
3299,101.62,0.2085
3300,101.836,0.2112
3301,101.97,0.214
3302,102.195,0.2172
3303,102.595,0.2195
3304,103.075,0.2217
3305,103.42,0.2238
3306,103.439,0.2258
3307,103.127,0.228
3308,102.66,0.23
3309,102.252,0.231
3310,102.02,0.2318
3311,101.949,0.2332
3312,101.951,0.235
3313,101.959,0.237
3314,101.957,0.2393
3315,101.949,0.2415
3316,101.939,0.2427
3317,101.935,0.2442
3318,101.925,0.2457
3319,101.85,0.2477
3320,101.624,0.2498
3321,101.23,0.2512
3322,100.772,0.2527
3323,100.454,0.2543
3324,100.455,0.2557
3325,100.776,0.2573
3326,101.24,0.2585
3327,101.649,0.2595
3328,101.876,0.26
3329,101.87,0.2605
3330,101.651,0.261
3331,101.325,0.2612
3332,101.017,0.261
3333,100.782,0.261
3334,100.622,0.2605
3335,100.549,0.2603
3336,100.61,0.26
3337,100.859,0.26
3338,101.25,0.2605
3339,101.64,0.2612
3340,101.948,0.2617
3341,102.247,0.2622
3342,102.637,0.2622
3343,103.093,0.2622
3344,103.493,0.2627
3345,103.723,0.2635
3346,103.716,0.2642
3347,103.48,0.265
3348,103.137,0.2655
3349,102.888,0.267
3350,102.896,0.2685
3351,103.16,0.2695
3352,103.503,0.2707
3353,103.682,0.272
3354,103.606,0.2732
3355,103.36,0.2745
3356,103.041,0.2765
3357,102.703,0.2782
3358,102.385,0.28
3359,102.139,0.281
3360,102.063,0.2823
3361,102.239,0.284
3362,102.572,0.2858
3363,102.825,0.288
3364,102.827,0.2903
3365,102.583,0.2925
3366,102.255,0.295
3367,102.027,0.2975
3368,101.949,0.3005
3369,101.927,0.3035
3370,101.909,0.3067
3371,102.046,0.3098
3372,102.59,0.3125
3373,103.551,0.315
3374,104.527,0.3175
3375,105.021,0.32
3376,104.912,0.3225
3377,104.492,0.325
3378,104.101,0.3275
3379,103.801,0.3297
3380,103.408,0.3312
3381,102.844,0.3327
3382,102.288,0.3342
3383,101.91,0.3352
3384,101.607,0.3357
3385,101.168,0.3362
3386,100.561,0.3365
3387,99.934,0.3365
3388,99.405,0.3365
3389,98.938,0.3365
3390,98.418,0.3367
3391,97.778,0.3367
3392,97.067,0.336
3393,96.423,0.3352
3394,96.019,0.3345
3395,95.959,0.3335
3396,96.201,0.332
3397,96.569,0.3305
3398,96.878,0.329
3399,97.019,0.3282
3400,96.997,0.3255
3401,96.95,0.3223
3402,97.097,0.3187
3403,97.631,0.3148
3404,98.603,0.3125
3405,99.83,0.3102
3406,100.943,0.3077
3407,101.657,0.3047
3408,101.965,0.3027
3409,102.029,0.3008
3410,101.949,0.2985
3411,101.703,0.2968
3412,101.277,0.2955
3413,100.786,0.295
3414,100.466,0.2945
3415,100.474,0.2933
3416,100.669,0.292
3417,100.687,0.291
3418,100.297,0.29
3419,99.595,0.2885
3420,98.874,0.2875
3421,98.345,0.2868
3422,97.966,0.2868
3423,97.574,0.2875
3424,97.117,0.2878
3425,96.649,0.288
3426,96.178,0.289
3427,95.629,0.2903
3428,94.921,0.2918
3429,94.058,0.2933
3430,93.141,0.2942
3431,92.273,0.295
3432,91.49,0.2963
3433,90.8,0.2975
3434,90.253,0.2985
3435,89.88,0.3005
3436,89.582,0.303
3437,89.194,0.3055
3438,88.652,0.3085
3439,88.008,0.3112
3440,87.333,0.3158
3441,86.601,0.3207
3442,85.688,0.3257
3443,84.536,0.329
3444,83.261,0.3305
3445,82.068,0.332
3446,81.116,0.3335
3447,80.494,0.3355
3448,80.209,0.3365
3449,80.104,0.3375
3450,79.905,0.3385
3451,79.365,0.339
3452,78.423,0.3392
3453,77.284,0.3385
3454,76.3,0.3377
3455,75.73,0.337
3456,75.657,0.3362
3457,76.02,0.3352
3458,76.607,0.3342
3459,77.168,0.334
3460,77.575,0.3337
3461,77.855,0.333
3462,78.139,0.3315
3463,78.604,0.328
3464,79.368,0.325
3465,80.399,0.322
3466,81.505,0.3185
3467,82.445,0.3132
3468,83.078,0.308
3469,83.471,0.3027
3470,83.859,0.2978
3471,84.346,0.2928
3472,84.745,0.2878
3473,84.799,0.2828
3474,84.461,0.278
3475,83.931,0.2715
3476,83.448,0.2645
3477,83.056,0.2567
3478,82.638,0.2482
3479,82.194,0.2387
3480,81.938,0.2292
3481,82.041,0.2197
3482,82.403,0.2105
3483,82.731,0.203
3484,82.781,0.1958
3485,82.516,0.1885
3486,82.11,0.181
3487,81.765,0.1735
3488,81.571,0.1662
3489,81.575,0.159
3490,81.813,0.1515
3491,82.24,0.1447
3492,82.743,0.1383
3493,83.232,0.1318
3494,83.674,0.1253
3495,84.053,0.1192
3496,84.351,0.113
3497,84.566,0.1068
3498,84.712,0.1005
3499,84.865,0.0943
3500,85.111,0.0885
3501,85.363,0.0835
3502,85.388,0.0785
3503,85.082,0.0747
3504,84.595,0.0708
3505,84.17,0.0668
3506,83.948,0.0628
3507,83.888,0.0602
3508,83.808,0.058
3509,83.575,0.0558
3510,83.249,0.0535
3511,83,0.0515
3512,82.932,0.0493
3513,83.031,0.047
3514,83.212,0.0445
3515,83.373,0.045
3516,83.508,0.0445
3517,83.732,0.0447
3518,84.12,0.045
3519,84.594,0.046
3520,85,0.0465
3521,85.233,0.047
3522,85.302,0.0475
3523,85.295,0.048
3524,85.279,0.0483
3525,85.277,0.0493
3526,85.272,0.0505
3527,85.201,0.0517
3528,84.978,0.0527
3529,84.588,0.0537
3530,84.125,0.055
3531,83.734,0.0558
3532,83.506,0.0562
3533,83.439,0.0565
3534,83.503,0.0558
3535,83.729,0.055
3536,84.169,0.0545
3537,84.778,0.0542
3538,85.407,0.0553
3539,85.946,0.056
3540,86.426,0.0562
3541,86.951,0.056
3542,87.563,0.0567
3543,88.23,0.058
3544,88.975,0.0588
3545,89.963,0.0595
3546,91.355,0.0605
3547,93.106,0.0612
3548,94.921,0.0617
3549,96.449,0.0625
3550,97.54,0.0633
3551,98.307,0.064
3552,98.96,0.065
3553,99.692,0.0663
3554,100.707,0.0678
3555,102.102,0.0673
3556,103.59,0.0682
3557,104.57,0.0692
3558,104.559,0.0705
3559,103.566,0.0718
3560,102.128,0.0735
3561,100.914,0.0757
3562,100.184,0.0772
3563,99.801,0.0788
3564,99.667,0.0805
3565,99.842,0.0815
3566,100.338,0.082
3567,101.006,0.0825
3568,101.592,0.0843
3569,101.915,0.0865
3570,102.017,0.0885
3571,102.088,0.0905
3572,102.229,0.0925
3573,102.37,0.095
3574,102.416,0.0975
3575,102.402,0.1
3576,102.457,0.1027
3577,102.636,0.1053
3578,102.826,0.1058
3579,102.846,0.1063
3580,102.624,0.107
3581,102.226,0.108
3582,101.755,0.108
3583,101.263,0.108
3584,100.774,0.1087
3585,100.383,0.1095
3586,100.225,0.1105
3587,100.304,0.1118
3588,100.474,0.1128
3589,100.634,0.1135
3590,100.802,0.1143
3591,100.971,0.115
3592,101.056,0.1157
3593,100.977,0.116
3594,100.782,0.1165
3595,100.678,0.1175
3596,100.839,0.1182
3597,101.163,0.119
3598,101.34,0.1195
3599,101.178,0.12
3600,100.766,0.121
3601,100.35,0.1215
3602,100.104,0.1228
3603,100.033,0.1242
3604,100.054,0.125
3605,100.148,0.1258
3606,100.373,0.127
3607,100.761,0.1283
3608,101.293,0.1288
3609,101.916,0.1285
3610,102.541,0.1285
3611,103.078,0.129
3612,103.471,0.1295
3613,103.699,0.1298
3614,103.79,0.1313
3615,103.797,0.1325
3616,103.725,0.1335
3617,103.569,0.1345
3618,103.386,0.1363
3619,103.238,0.1393
3620,103.143,0.1415
3621,103.078,0.1435
3622,103.01,0.1452
3623,102.92,0.1473
3624,102.807,0.1497
3625,102.637,0.1522
3626,102.329,0.1542
3627,101.833,0.1568
3628,101.242,0.1595
3629,100.826,0.1625
3630,100.876,0.1655
3631,101.466,0.1685
3632,102.367,0.1708
3633,103.177,0.1733
3634,103.584,0.1755
3635,103.571,0.1775
3636,103.331,0.1808
3637,103.026,0.184
3638,102.717,0.1875
3639,102.435,0.191
3640,102.205,0.1933
3641,102.046,0.1955
3642,101.958,0.198
3643,101.931,0.201
3644,101.999,0.2045
3645,102.223,0.2085
3646,102.55,0.2122
3647,102.797,0.2145
3648,102.792,0.2162
3649,102.473,0.2175
3650,101.917,0.2197
3651,101.295,0.2223
3652,100.755,0.2248
3653,100.367,0.2275
3654,100.147,0.2292
3655,100.007,0.2312
3656,99.786,0.2332
3657,99.405,0.235
3658,98.955,0.2377
3659,98.553,0.2395
3660,98.154,0.2415
3661,97.601,0.2433
3662,96.923,0.2455
3663,96.429,0.2475
3664,96.43,0.249
3665,96.936,0.251
3666,97.624,0.2522
3667,98.107,0.253
3668,98.26,0.2537
3669,98.243,0.2543
3670,98.271,0.255
3671,98.484,0.2557
3672,98.961,0.257
3673,99.673,0.258
3674,100.428,0.259
3675,100.995,0.2595
3676,101.298,0.259
3677,101.431,0.2585
3678,101.529,0.258
3679,101.684,0.2573
3680,101.909,0.2567
3681,102.155,0.2563
3682,102.354,0.255
3683,102.442,0.253
3684,102.387,0.251
3685,102.229,0.249
3686,102.077,0.2467
3687,102.01,0.2457
3688,102.01,0.2447
3689,102.011,0.2445
3690,101.98,0.243
3691,101.955,0.2407
3692,102.072,0.2385
3693,102.445,0.2367
3694,103.011,0.2348
3695,103.552,0.2325
3696,103.87,0.2302
3697,103.918,0.2282
3698,103.824,0.225
3699,103.746,0.2215
3700,103.741,0.2182
3701,103.831,0.2152
3702,104.074,0.212
3703,104.484,0.2077
3704,104.965,0.2035
3705,105.369,0.1988
3706,105.596,0.1948
3707,105.658,0.19
3708,105.649,0.1852
3709,105.637,0.1805
3710,105.628,0.176
3711,105.631,0.1713
3712,105.723,0.1667
3713,105.957,0.1625
3714,106.219,0.1583
3715,106.303,0.1542
3716,106.122,0.15
3717,105.789,0.1457
3718,105.535,0.1415
3719,105.552,0.1385
3720,105.8,0.1358
3721,106.049,0.133
3722,106.135,0.1308
3723,106.063,0.1285
3724,105.878,0.126
3725,105.57,0.1228
3726,105.115,0.1197
3727,104.541,0.117
3728,103.929,0.1148
3729,103.38,0.111
3730,103.012,0.1075
3731,102.876,0.104
3732,102.882,0.1007
3733,102.832,0.0975
3734,102.517,0.0953
3735,101.861,0.0932
3736,101.063,0.0912
3737,100.499,0.0897
3738,100.418,0.088
3739,100.76,0.0862
3740,101.253,0.0845
3741,101.592,0.083
3742,101.597,0.0813
3743,101.348,0.0805
3744,101.102,0.0798
3745,101.011,0.079
3746,101.015,0.0788
3747,101.01,0.0793
3748,100.997,0.0798
3749,101.08,0.0803
3750,101.331,0.0805
3751,101.656,0.081
3752,101.895,0.0815
3753,102.05,0.082
3754,102.28,0.0825
3755,102.649,0.082
3756,103.029,0.0815
3757,103.264,0.081
3758,103.325,0.0805
3759,103.277,0.0788
3760,103.143,0.0772
3761,102.846,0.0757
3762,102.304,0.0742
3763,101.637,0.072
3764,101.153,0.0703
3765,101.06,0.0687
3766,101.308,0.0675
3767,101.729,0.0663
3768,102.199,0.0643
3769,102.679,0.0638
3770,103.135,0.063
3771,103.438,0.0622
3772,103.427,0.0612
3773,103.104,0.06
3774,102.69,0.0588
3775,102.392,0.0575
3776,102.103,0.056
3777,101.495,0.054
3778,100.545,0.053
3779,99.697,0.052
3780,99.429,0.051
3781,99.851,0.0498
3782,100.634,0.0483
3783,101.28,0.0467
3784,101.537,0.0452
3785,101.473,0.0438
3786,101.19,0.0413
3787,100.771,0.0385
3788,100.43,0.0358
3789,100.405,0.033
3790,100.726,0.03
3791,101.209,0.0267
3792,101.637,0.0235
3793,101.893,0.0202
3794,101.966,0.017
3795,101.869,0.0148
3796,101.601,0.0125
3797,101.247,0.0107
3798,101.02,0.0095
3799,101.125,0.0085
3800,101.558,0.007
3801,102.079,0.0055
3802,102.454,0.004
3803,102.68,0.0032
3804,102.902,0.0023
3805,103.209,0.0017
3806,103.541,0.0013
3807,103.749,0.0008
3808,103.719,0.0005
3809,103.461,0.0015
3810,103.11,0.0028
3811,102.867,0.004
3812,102.878,0.0053
3813,103.137,0.0065
3814,103.484,0.0077
3815,103.736,0.009
3816,103.832,0.0105
3817,103.839,0.0123
3818,103.826,0.0135
3819,103.808,0.0148
3820,103.804,0.016
3821,103.887,0.0178
3822,104.122,0.02
3823,104.445,0.0222
3824,104.676,0.0245
3825,104.678,0.027
3826,104.448,0.03
3827,104.063,0.0333
3828,103.567,0.0367
3829,102.986,0.0405
3830,102.537,0.0443
3831,102.607,0.0483
3832,103.332,0.0522
3833,104.279,0.056
3834,104.697,0.06
3835,104.106,0.064
3836,102.689,0.0682
3837,101.125,0.0723
3838,100.032,0.0757
3839,99.597,0.0793
3840,99.631,0.0835
3841,99.84,0.088
3842,100.021,0.0925
3843,100.177,0.0968
3844,100.48,0.1005
3845,101.02,0.1043
3846,101.664,0.108
3847,102.219,0.1118
3848,102.599,0.1157
3849,102.82,0.119
3850,102.966,0.1223
3851,103.118,0.1255
3852,103.275,0.1285
3853,103.356,0.1323
3854,103.218,0.136
3855,102.743,0.1398
3856,102.027,0.1435
3857,101.39,0.1473
3858,101.084,0.151
3859,101.102,0.1547
3860,101.27,0.1583
3861,101.374,0.1613
3862,101.233,0.1645
3863,100.702,0.1677
3864,99.673,0.171
3865,98.219,0.174
3866,96.678,0.1775
3867,95.475,0.1805
3868,94.931,0.1835
3869,95.138,0.1862
3870,95.852,0.1893
3871,96.602,0.1923
3872,97.016,0.1955
3873,97.064,0.199
3874,97.003,0.2022
3875,97.077,0.2057
3876,97.297,0.209
3877,97.534,0.212
3878,97.692,0.215
3879,97.761,0.2178
3880,97.787,0.2205
3881,97.785,0.223
3882,97.655,0.2255
3883,97.304,0.2285
3884,96.814,0.232
3885,96.387,0.2345
3886,96.193,0.2373
3887,96.313,0.24
3888,96.703,0.2425
3889,97.247,0.2445
3890,97.902,0.2467
3891,98.562,0.249
3892,98.963,0.2518
3893,98.962,0.2535
3894,98.708,0.255
3895,98.402,0.2565
3896,98.087,0.2583
3897,97.718,0.2597
3898,97.322,0.2612
3899,97.075,0.2627
3900,97.093,0.2662
3901,97.235,0.2702
3902,97.298,0.2735
3903,97.285,0.2767
3904,97.356,0.2785
3905,97.604,0.28
3906,97.952,0.281
3907,98.267,0.2825
3908,98.515,0.283
3909,98.758,0.2835
3910,99.05,0.284
3911,99.378,0.2845
3912,99.685,0.2848
3913,99.927,0.2843
3914,100.073,0.2833
3915,100.11,0.282
3916,100.096,0.2807
3917,100.165,0.2795
3918,100.403,0.2782
3919,100.724,0.2772
3920,100.955,0.276
3921,101.085,0.2747
3922,101.291,0.2727
3923,101.701,0.2705
3924,102.218,0.2687
3925,102.58,0.2675
3926,102.573,0.2662
3927,102.235,0.265
3928,101.824,0.2637
3929,101.55,0.2625
3930,101.404,0.261
3931,101.261,0.2595
3932,101.038,0.2577
3933,100.729,0.256
3934,100.403,0.2547
3935,100.165,0.2535
3936,100.063,0.252
3937,100.12,0.2505
3938,100.423,0.2488
3939,100.998,0.2472
3940,101.669,0.244
3941,102.154,0.2403
3942,102.305,0.2377
3943,102.255,0.2355
3944,102.309,0.2348
3945,102.619,0.2342
3946,103.009,0.2338
3947,103.191,0.2335
3948,103.104,0.234
3949,102.933,0.2345
3950,102.863,0.2352
3951,102.879,0.236
3952,102.809,0.237
3953,102.493,0.2383
3954,101.939,0.2403
3955,101.313,0.2425
3956,100.774,0.2447
3957,100.389,0.247
3958,100.177,0.2498
3959,100.119,0.253
3960,100.124,0.2563
3961,100.056,0.2595
3962,99.825,0.2637
3963,99.494,0.2687
3964,99.238,0.2735
3965,99.15,0.2785
3966,99.172,0.2833
3967,99.186,0.2885
3968,99.117,0.2938
3969,98.971,0.2988
3970,98.813,0.3037
3971,98.663,0.3095
3972,98.487,0.3152
3973,98.257,0.321
3974,97.949,0.3265
3975,97.54,0.3325
3976,97.073,0.3387
3977,96.669,0.3455
3978,96.428,0.353
3979,96.344,0.36
3980,96.345,0.367
3981,96.358,0.3743
3982,96.298,0.3808
3983,96.077,0.3867
3984,95.678,0.3927
3985,95.201,0.3985
3986,94.803,0.4045
3987,94.584,0.41
3988,94.528,0.4155
3989,94.535,0.4205
3990,94.541,0.4253
3991,94.551,0.4295
3992,94.548,0.4335
3993,94.395,0.4387
3994,93.926,0.4437
3995,93.177,0.4485
3996,92.445,0.4532
3997,92.098,0.458
3998,92.334,0.4622
3999,93.074,0.466
4000,94.087,0.4698
4001,95.198,0.4738
4002,96.359,0.4775
4003,97.581,0.4808
4004,98.834,0.4837
4005,100,0.4878
4006,100.95,0.4918
4007,101.645,0.4955
4008,102.162,0.4993
4009,102.621,0.5038
4010,103.08,0.5082
4011,103.48,0.512
4012,103.712,0.5155
4013,103.726,0.5192
4014,103.567,0.523
4015,103.327,0.5248
4016,103.096,0.5278
4017,102.92,0.5302
4018,102.796,0.533
4019,102.729,0.536
4020,102.746,0.539
4021,102.765,0.5423
4022,102.597,0.5465
4023,102.17,0.551
4024,101.646,0.5555
4025,101.306,0.5603
4026,101.324,0.5647
4027,101.591,0.5695
4028,101.851,0.5743
4029,102.027,0.5795
4030,102.255,0.584
4031,102.629,0.5893
4032,103.077,0.5945
4033,103.462,0.5998
4034,103.701,0.606
4035,103.792,0.6123
4036,103.746,0.6188
4037,103.532,0.6252
4038,103.146,0.6305
4039,102.679,0.6358
4040,102.281,0.6408
4041,102.052,0.6455
4042,101.98,0.6492
4043,101.977,0.6528
4044,101.98,0.657
4045,101.958,0.6603
4046,101.868,0.6635
4047,101.698,0.6663
4048,101.524,0.6693
4049,101.452,0.672
4050,101.526,0.6745
4051,101.698,0.677
4052,101.86,0.6797
4053,101.94,0.6822
4054,101.957,0.685
4055,101.963,0.6893
4056,101.972,0.6917
4057,101.975,0.6945
4058,101.968,0.6965
4059,101.958,0.6985
4060,101.94,0.7005
4061,101.864,0.7015
4062,101.634,0.7023
4063,101.169,0.703
4064,100.475,0.7037
4065,99.681,0.7045
4066,98.981,0.706
4067,98.51,0.7075
4068,98.283,0.7077
4069,98.223,0.709
4070,98.232,0.71
4071,98.252,0.711
4072,98.268,0.712
4073,98.283,0.7123
4074,98.294,0.7125
4075,98.293,0.7127
4076,98.296,0.7127
4077,98.37,0.7132
4078,98.577,0.7157
4079,98.877,0.7182
4080,99.156,0.721
4081,99.374,0.724
4082,99.604,0.728
4083,99.926,0.7322
4084,100.282,0.736
4085,100.444,0.739
4086,100.215,0.7417
4087,99.647,0.7448
4088,99.004,0.7475
4089,98.526,0.75
4090,98.284,0.7528
4091,98.206,0.7555
4092,98.191,0.7582
4093,98.191,0.761
4094,98.194,0.763
4095,98.144,0.765
4096,97.941,0.767
4097,97.505,0.7688
4098,96.821,0.7702
4099,95.951,0.7715
4100,95.005,0.7728
4101,94.116,0.7745
4102,93.402,0.7755
4103,92.935,0.7765
4104,92.708,0.7768
4105,92.641,0.777
4106,92.636,0.7762
4107,92.634,0.7755
4108,92.628,0.7745
4109,92.626,0.7725
4110,92.626,0.7712
4111,92.638,0.7708
4112,92.722,0.7695
4113,92.949,0.7682
4114,93.342,0.766
4115,93.87,0.7638
4116,94.478,0.7615
4117,95.103,0.7582
4118,95.721,0.7542
4119,96.363,0.7498
4120,97.063,0.7455
4121,97.84,0.7405
4122,98.704,0.7348
4123,99.628,0.7285
4124,100.573,0.722
4125,101.506,0.716
4126,102.365,0.7103
4127,103.054,0.703
4128,103.507,0.696
4129,103.727,0.689
4130,103.785,0.682
4131,103.774,0.6753
4132,103.753,0.6675
4133,103.739,0.6593
4134,103.739,0.6515
4135,103.742,0.6437
4136,103.681,0.6348
4137,103.465,0.6258
4138,103.075,0.6188
4139,102.615,0.612
4140,102.295,0.6068
4141,102.301,0.6015
4142,102.615,0.596
4143,103.009,0.5905
4144,103.263,0.5862
4145,103.328,0.5815
4146,103.261,0.577
4147,103.108,0.5727
4148,102.876,0.571
4149,102.571,0.57
4150,102.256,0.569
4151,102.039,0.5663
4152,101.978,0.5643
4153,102.054,0.5615
4154,102.208,0.5593
4155,102.37,0.557
4156,102.511,0.5548
4157,102.662,0.5533
4158,102.807,0.552
4159,102.865,0.551
4160,102.78,0.5497
4161,102.595,0.549
4162,102.434,0.5488
4163,102.385,0.5488
4164,102.394,0.5488
4165,102.342,0.549
4166,102.18,0.5495
4167,101.945,0.5513
4168,101.704,0.5525
4169,101.523,0.5537
4170,101.462,0.555
4171,101.546,0.556
4172,101.729,0.558
4173,101.899,0.5605
4174,101.981,0.563
4175,101.99,0.5653
4176,101.976,0.5687
4177,101.956,0.5723
4178,101.955,0.574
4179,102.041,0.5752
4180,102.22,0.575
4181,102.333,0.5747
4182,102.188,0.575
4183,101.769,0.5755
4184,101.261,0.5755
4185,100.93,0.5755
4186,100.924,0.5755
4187,101.106,0.575
4188,101.188,0.5735
4189,101.037,0.5712
4190,100.781,0.569
4191,100.656,0.5667
4192,100.816,0.5645
4193,101.206,0.5627
4194,101.607,0.5605
4195,101.839,0.5583
4196,101.912,0.556
4197,101.974,0.5535
4198,102.125,0.5508
4199,102.308,0.5522
4200,102.401,0.551
4201,102.336,0.5497
4202,102.176,0.548
4203,102.086,0.5477
4204,102.171,0.5475
4205,102.339,0.547
4206,102.424,0.5463
4207,102.354,0.5465
4208,102.181,0.547
4209,102.023,0.5475
4210,101.957,0.5477
4211,101.959,0.5485
4212,101.974,0.5493
4213,101.979,0.55
4214,101.979,0.5508
4215,101.969,0.5522
4216,101.967,0.554
4217,102.044,0.555
4218,102.271,0.5563
4219,102.59,0.5573
4220,102.819,0.5585
4221,102.808,0.5597
4222,102.545,0.5607
4223,102.136,0.5615
4224,101.742,0.563
4225,101.485,0.565
4226,101.414,0.567
4227,101.574,0.5695
4228,101.992,0.5715
4229,102.56,0.5735
4230,103.038,0.5757
4231,103.207,0.5787
4232,103.031,0.5827
4233,102.712,0.587
4234,102.553,0.5915
4235,102.645,0.596
4236,102.735,0.601
4237,102.512,0.6055
4238,101.948,0.61
4239,101.304,0.6108
4240,100.843,0.6143
4241,100.6,0.617
4242,100.381,0.6208
4243,99.989,0.623
4244,99.44,0.6252
4245,98.903,0.6293
4246,98.5,0.6322
4247,98.216,0.6348
4248,97.942,0.6372
4249,97.564,0.6408
4250,97.042,0.6442
4251,96.424,0.6472
4252,95.79,0.6502
4253,95.168,0.6535
4254,94.537,0.6575
4255,93.918,0.6615
4256,93.388,0.6655
4257,92.991,0.6703
4258,92.694,0.6755
4259,92.392,0.6815
4260,92.004,0.6873
4261,91.547,0.6933
4262,91.08,0.699
4263,90.619,0.7052
4264,90.144,0.7105
4265,89.673,0.7157
4266,89.282,0.7208
4267,89.053,0.7255
4268,88.981,0.7313
4269,88.973,0.7368
4270,88.899,0.742
4271,88.659,0.747
4272,88.269,0.7508
4273,87.875,0.7555
4274,87.638,0.7598
4275,87.581,0.764
4276,87.58,0.7678
4277,87.516,0.7718
4278,87.43,0.7752
4279,87.495,0.779
4280,87.816,0.7827
4281,88.35,0.787
4282,88.982,0.7915
4283,89.6,0.7952
4284,90.133,0.799
4285,90.586,0.8025
4286,91.032,0.8073
4287,91.571,0.8117
4288,92.266,0.8162
4289,93.059,0.8197
4290,93.836,0.824
4291,94.54,0.8283
4292,95.166,0.8325
4293,95.692,0.8363
4294,96.09,0.8393
4295,96.388,0.8417
4296,96.683,0.8455
4297,97.077,0.8493
4298,97.603,0.8523
4299,98.222,0.855
4300,98.848,0.8578
4301,99.395,0.86
4302,99.804,0.8625
4303,100.04,0.8645
4304,100.123,0.8668
4305,100.126,0.868
4306,100.114,0.8695
4307,100.104,0.871
4308,100.092,0.8727
4309,100.079,0.8745
4310,100.066,0.8762
4311,100.056,0.8783
4312,100.049,0.8807
4313,100.044,0.8825
4314,100.036,0.8845
4315,100.041,0.8865
4316,100.123,0.8885
4317,100.359,0.8905
4318,100.772,0.8932
4319,101.327,0.8955
4320,101.962,0.8977
4321,102.593,0.9
4322,103.135,0.9017
4323,103.53,0.904
4324,103.751,0.9062
4325,103.828,0.9067
4326,103.828,0.907
4327,103.75,0.9065
4328,103.52,0.906
4329,103.121,0.9052
4330,102.649,0.9038
4331,102.252,0.9022
4332,102.029,0.9007
4333,101.968,0.8998
4334,101.977,0.8982
4335,101.986,0.897
4336,101.98,0.8945
4337,101.968,0.8915
4338,101.949,0.8882
4339,101.942,0.8852
4340,102.015,0.8823
4341,102.253,0.879
4342,102.649,0.8762
4343,103.038,0.8735
4344,103.191,0.8705
4345,102.999,0.8682
4346,102.604,0.8658
4347,102.352,0.8632
4348,102.508,0.86
4349,103.005,0.8563
4350,103.544,0.8523
4351,103.871,0.8483
4352,103.931,0.8438
4353,103.85,0.8382
4354,103.785,0.8325
4355,103.787,0.827
4356,103.875,0.8215
4357,104.105,0.816
4358,104.493,0.81
4359,104.955,0.8042
4360,105.351,0.7985
4361,105.585,0.793
4362,105.665,0.7872
4363,105.669,0.782
4364,105.655,0.7768
4365,105.643,0.772
4366,105.705,0.7667
4367,105.995,0.7627
4368,106.629,0.759
4369,107.518,0.7555
4370,108.336,0.752
4371,108.675,0.7485
4372,108.341,0.7452
4373,107.524,0.7417
4374,106.635,0.7385
4375,105.992,0.735
4376,105.623,0.7315
4377,105.336,0.7285
4378,104.972,0.725
4379,104.514,0.722
4380,103.972,0.7193
4381,103.348,0.7173
4382,102.696,0.7147
4383,102.069,0.7125
4384,101.468,0.7105
4385,100.881,0.7095
4386,100.286,0.7087
4387,99.666,0.708
4388,99.041,0.707
4389,98.418,0.7067
4390,97.77,0.7065
4391,97.159,0.7063
4392,96.712,0.7063
4393,96.431,0.7067
4394,96.152,0.7075
4395,95.695,0.708
4396,94.998,0.7083
4397,94.12,0.7083
4398,93.176,0.7085
4399,92.29,0.7083
4400,91.57,0.708
4401,91.081,0.7075
4402,90.84,0.7075
4403,90.839,0.7072
4404,91.066,0.707
4405,91.468,0.7067
4406,91.936,0.707
4407,92.327,0.7067
4408,92.558,0.7063
4409,92.704,0.705
4410,92.948,0.704
4411,93.432,0.7027
4412,94.145,0.7015
4413,94.952,0.7003
4414,95.718,0.6997
4415,96.411,0.6995
4416,97.1,0.699
4417,97.849,0.6985
4418,98.638,0.6987
4419,99.401,0.6985
4420,100.102,0.698
4421,100.734,0.6973
4422,101.272,0.6955
4423,101.666,0.6937
4424,101.893,0.6925
4425,102.04,0.6905
4426,102.266,0.6883
4427,102.641,0.686
4428,103.088,0.684
4429,103.472,0.6825
4430,103.69,0.6813
4431,103.69,0.6803
4432,103.472,0.6785
4433,103.083,0.6777
4434,102.627,0.6767
4435,102.235,0.6757
4436,102.004,0.6753
4437,101.932,0.6757
4438,101.925,0.676
4439,101.856,0.6757
4440,101.63,0.6755
4441,101.244,0.6777
4442,100.791,0.679
4443,100.407,0.6803
4444,100.184,0.6817
4445,100.116,0.683
4446,100.105,0.6853
4447,100.043,0.6875
4448,99.885,0.6897
4449,99.639,0.6927
4450,99.327,0.6955
4451,99.008,0.6985
4452,98.784,0.7012
4453,98.707,0.7032
4454,98.719,0.7045
4455,98.719,0.7055
4456,98.612,0.71
4457,98.357,0.7145
4458,98.037,0.7185
4459,97.787,0.7225
4460,97.65,0.7268
4461,97.586,0.7315
4462,97.533,0.7372
4463,97.406,0.7428
4464,97.164,0.7502
4465,96.86,0.7575
4466,96.543,0.765
4467,96.226,0.7742
4468,95.923,0.7835
4469,95.617,0.7925
4470,95.296,0.8015
4471,94.988,0.8103
4472,94.752,0.818
4473,94.665,0.825
4474,94.756,0.8325
4475,94.923,0.8403
4476,95.014,0.8478
4477,94.945,0.8545
4478,94.697,0.8615
4479,94.301,0.8693
4480,93.832,0.8773
4481,93.37,0.883
4482,92.999,0.8895
4483,92.785,0.8962
4484,92.716,0.9028
4485,92.71,0.9093
4486,92.706,0.915
4487,92.699,0.921
4488,92.684,0.9272
4489,92.606,0.9362
4490,92.385,0.9458
4491,91.994,0.9555
4492,91.456,0.9652
4493,90.829,0.975
4494,90.205,0.9852
4495,89.657,0.9965
4496,89.184,1.005
4497,88.733,1.0138
4498,88.274,1.0235
4499,87.83,1.0335
4500,87.46,1.0435
4501,87.178,1.0528
4502,86.875,1.062
4503,86.394,1.0713
4504,85.686,1.0783
4505,84.883,1.084
4506,84.179,1.0897
4507,83.621,1.094
4508,83.079,1.0982
4509,82.456,1.1015
4510,81.826,1.105
4511,81.306,1.1085
4512,80.882,1.114
4513,80.379,1.1192
4514,79.616,1.125
4515,78.582,1.1305
4516,77.452,1.136
4517,76.415,1.1418
4518,75.617,1.1445
4519,75.169,1.1502
4520,75.056,1.1558
4521,75.084,1.1607
4522,75.021,1.1645
4523,74.777,1.1683
4524,74.455,1.172
4525,74.232,1.1755
4526,74.153,1.1785
4527,74.079,1.181
4528,73.857,1.1818
4529,73.463,1.1798
4530,72.995,1.179
4531,72.599,1.1775
4532,72.373,1.176
4533,72.287,1.175
4534,72.21,1.1738
4535,72.06,1.1713
4536,71.896,1.1678
4537,71.815,1.1638
4538,71.819,1.158
4539,71.831,1.152
4540,71.754,1.146
4541,71.526,1.1402
4542,71.204,1.1342
4543,70.967,1.128
4544,71.029,1.1213
4545,71.496,1.1165
4546,72.22,1.1115
4547,72.859,1.1067
4548,73.174,1.1018
4549,73.238,1.0967
4550,73.294,1.0915
4551,73.503,1.086
4552,73.873,1.0802
4553,74.392,1.0745
4554,75.107,1.067
4555,76.001,1.0595
4556,76.887,1.052
4557,77.53,1.044
4558,77.891,1.0393
4559,78.17,1.032
4560,78.611,1.0245
4561,79.311,1.0178
4562,80.189,1.0117
4563,81.04,1.0052
4564,81.672,0.999
4565,82.097,0.9928
4566,82.545,0.9867
4567,83.241,0.981
4568,84.189,0.9765
4569,85.17,0.9705
4570,85.931,0.9635
4571,86.402,0.9567
4572,86.692,0.9498
4573,86.913,0.9427
4574,87.071,0.9355
4575,87.114,0.9285
4576,87.03,0.9217
4577,86.91,0.9143
4578,86.925,0.9078
4579,87.251,0.9012
4580,88.034,0.8943
4581,89.256,0.8865
4582,90.567,0.879
4583,91.504,0.8717
4584,91.874,0.8648
4585,91.867,0.8565
4586,91.975,0.8485
4587,92.682,0.84
4588,94.04,0.8317
4589,95.63,0.8235
4590,96.989,0.8153
4591,97.919,0.8073
4592,98.508,0.7997
4593,98.977,0.7905
4594,99.499,0.7823
4595,100.122,0.774
4596,100.815,0.7658
4597,101.501,0.758
4598,102.063,0.75
4599,102.431,0.7417
4600,102.643,0.7325
4601,102.785,0.723
4602,102.923,0.7137
4603,103.089,0.7047
4604,103.252,0.695
4605,103.331,0.6853
4606,103.269,0.6755
4607,103.094,0.6655
4608,102.924,0.6585
4609,102.867,0.6528
4610,102.879,0.6448
4611,102.821,0.636
4612,102.67,0.6302
4613,102.581,0.6247
4614,102.671,0.6198
4615,102.826,0.615
4616,102.826,0.6105
4617,102.605,0.6088
4618,102.3,0.607
4619,102.078,0.605
4620,101.951,0.6035
4621,101.774,0.6032
4622,101.348,0.6038
4623,100.623,0.605
4624,99.916,0.6058
4625,99.74,0.6075
4626,100.307,0.609
4627,101.363,0.6118
4628,102.436,0.614
4629,103.225,0.6178
4630,103.795,0.6218
4631,104.219,0.6258
4632,104.141,0.631
4633,103.15,0.6382
4634,101.489,0.6455
4635,100.064,0.6537
4636,99.714,0.6627
4637,100.514,0.672
4638,101.779,0.6795
4639,102.709,0.6857
4640,102.974,0.692
4641,102.775,0.6983
4642,102.507,0.7045
4643,102.439,0.7127
4644,102.654,0.7208
4645,103.143,0.729
4646,103.788,0.7372
4647,104.309,0.7458
4648,104.42,0.7498
4649,104.093,0.7542
4650,103.582,0.762
4651,103.238,0.771
4652,103.223,0.7772
4653,103.32,0.7827
4654,103.167,0.7875
4655,102.696,0.7917
4656,102.167,0.796
4657,101.838,0.7987
4658,101.793,0.802
4659,101.955,0.8055
4660,102.184,0.8087
4661,102.365,0.8115
4662,102.433,0.8138
4663,102.364,0.8153
4664,102.196,0.8175
4665,102.034,0.818
4666,101.983,0.819
4667,102.069,0.819
4668,102.158,0.8202
4669,102.002,0.821
4670,101.485,0.8218
4671,100.821,0.8223
4672,100.396,0.8202
4673,100.43,0.8183
4674,100.793,0.8165
4675,101.118,0.814
4676,101.136,0.8115
4677,100.895,0.808
4678,100.584,0.8065
4679,100.263,0.807
4680,99.885,0.809
4681,99.432,0.8113
4682,98.895,0.8143
4683,98.202,0.8147
4684,97.268,0.816
4685,96.093,0.8175
4686,94.815,0.819
4687,93.64,0.8212
4688,92.693,0.8255
4689,92.012,0.8275
4690,91.654,0.8283
4691,91.614,0.83
4692,91.609,0.8317
4693,91.161,0.8345
4694,89.974,0.8375
4695,88.213,0.8412
4696,86.409,0.846
4697,85.029,0.8507
4698,84.046,0.8552
4699,83.055,0.8545
4700,81.786,0.8575
4701,80.362,0.862
4702,79.156,0.8665
4703,78.474,0.8685
4704,78.297,0.8705
4705,78.316,0.874
4706,78.198,0.8773
4707,77.811,0.8785
4708,77.256,0.879
4709,76.727,0.8795
4710,76.345,0.8798
4711,76.062,0.8788
4712,75.698,0.8785
4713,75.15,0.8783
4714,74.504,0.8778
4715,73.88,0.878
4716,73.286,0.877
4717,72.671,0.8778
4718,71.974,0.8783
4719,71.184,0.8755
4720,70.394,0.8725
4721,69.697,0.8693
4722,69.129,0.8655
4723,68.758,0.861
4724,68.6,0.8563
4725,68.517,0.851
4726,68.366,0.8458
4727,68.127,0.8405
4728,67.831,0.835
4729,67.511,0.8313
4730,67.213,0.8273
4731,66.97,0.8218
4732,66.81,0.8127
4733,66.745,0.8035
4734,66.742,0.7928
4735,66.749,0.7815
4736,66.749,0.769
4737,66.749,0.756
4738,66.753,0.7415
4739,66.75,0.7322
4740,66.752,0.719
4741,66.831,0.7047
4742,67.06,0.6907
4743,67.378,0.6793
4744,67.61,0.6675
4745,67.656,0.6537
4746,67.641,0.6402
4747,67.86,0.6285
4748,68.507,0.6168
4749,69.419,0.6035
4750,70.209,0.5885
4751,70.613,0.575
4752,70.653,0.5615
4753,70.521,0.548
4754,70.413,0.5345
4755,70.456,0.5197
4756,70.761,0.5055
4757,71.395,0.4902
4758,72.27,0.473
4759,73.139,0.458
4760,73.77,0.4425
4761,74.143,0.427
4762,74.441,0.4123
4763,74.834,0.398
4764,75.304,0.384
4765,75.712,0.3703
4766,75.961,0.3575
4767,76.093,0.344
4768,76.24,0.3297
4769,76.533,0.3142
4770,77.055,0.2983
4771,77.787,0.2825
4772,78.656,0.2702
4773,79.599,0.257
4774,80.549,0.2455
4775,81.454,0.234
4776,82.307,0.2227
4777,83.089,0.212
4778,83.771,0.2027
4779,84.34,0.1928
4780,84.721,0.183
4781,84.815,0.1723
4782,84.579,0.161
4783,83.984,0.1507
4784,83.098,0.1405
4785,82.322,0.1303
4786,82.232,0.1197
4787,83.048,0.1092
4788,84.386,0.0988
4789,85.565,0.0895
4790,86.148,0.0813
4791,86.216,0.073
4792,86.111,0.0648
4793,85.952,0.056
4794,85.557,0.0473
4795,84.816,0.039
4796,83.94,0.0293
4797,83.294,0.0192
4798,83.064,0.0112
4799,83.111,0.0032
4800,83.138,-0.004
4801,83.022,-0.0107
4802,82.93,-0.0185
4803,83.136,-0.0255
4804,83.73,-0.0325
4805,84.479,-0.0385
4806,85.042,-0.0455
4807,85.263,-0.0525
4808,85.221,-0.0595
4809,85.149,-0.065
4810,85.362,-0.07
4811,86.094,-0.075
4812,87.293,-0.08
4813,88.536,-0.0855
4814,89.354,-0.0907
4815,89.692,-0.096
4816,89.937,-0.1015
4817,90.514,-0.1073
4818,91.539,-0.113
4819,92.852,-0.118
4820,94.326,-0.123
4821,96.04,-0.1275
4822,98.084,-0.132
4823,100.302,-0.1375
4824,102.338,-0.1427
4825,103.901,-0.1447
4826,104.961,-0.1467
4827,105.698,-0.148
4828,106.313,-0.1495
4829,106.907,-0.151
4830,107.444,-0.1517
4831,107.828,-0.1525
4832,108.103,-0.154
4833,108.472,-0.1552
4834,109.086,-0.1568
4835,109.939,-0.1585
4836,110.909,-0.1593
4837,111.833,-0.1595
4838,112.593,-0.1598
4839,113.141,-0.1603
4840,113.487,-0.1608
4841,113.716,-0.1618
4842,113.959,-0.1628
4843,114.286,-0.164
4844,114.644,-0.1648
4845,114.886,-0.1665
4846,114.896,-0.1683
4847,114.665,-0.171
4848,114.262,-0.1733
4849,113.72,-0.1755
4850,112.965,-0.1777
4851,111.895,-0.18
4852,110.494,-0.1825
4853,108.84,-0.1835
4854,107.035,-0.1818
4855,105.164,-0.1818
4856,103.266,-0.1815
4857,101.395,-0.1813
4858,99.687,-0.1808
4859,98.29,-0.1813
4860,97.217,-0.1818
4861,96.386,-0.1822
4862,95.704,-0.1822
4863,95.043,-0.1822
4864,94.289,-0.1818
4865,93.46,-0.1825
4866,92.638,-0.1835
4867,91.859,-0.1852
4868,91.105,-0.187
4869,90.314,-0.1888
4870,89.453,-0.1905
4871,88.596,-0.1923
4872,87.811,-0.1925
4873,87.035,-0.1925
4874,86.195,-0.192
4875,85.34,-0.1913
4876,84.564,-0.1903
4877,83.881,-0.1895
4878,83.245,-0.1878
4879,82.62,-0.1857
4880,82.056,-0.1837
4881,81.666,-0.1818
4882,81.454,-0.1795
4883,81.305,-0.177
4884,81.148,-0.1752
4885,81.004,-0.174
4886,80.916,-0.1728
4887,80.918,-0.17
4888,81.001,-0.167
4889,81.139,-0.164
4890,81.378,-0.161
4891,81.822,-0.158
4892,82.526,-0.155
4893,83.406,-0.1517
4894,84.209,-0.1515
4895,84.676,-0.1495
4896,84.798,-0.1475
4897,84.843,-0.145
4898,85.116,-0.1427
4899,85.744,-0.1395
4900,86.678,-0.1363
4901,87.79,-0.133
4902,88.967,-0.1303
4903,90.124,-0.1275
4904,91.22,-0.1258
4905,92.291,-0.1245
4906,93.399,-0.123
4907,94.501,-0.1215
4908,95.451,-0.12
4909,96.153,-0.118
4910,96.644,-0.116
4911,97.094,-0.114
4912,97.748,-0.113
4913,98.745,-0.112
4914,99.971,-0.1113
4915,101.166,-0.1108
4916,102.067,-0.11
4917,102.51,-0.1092
4918,102.602,-0.1095
4919,102.644,-0.1098
4920,102.834,-0.1103
4921,103.164,-0.1108
4922,103.505,-0.1103
4923,103.678,-0.1098
4924,103.602,-0.1095
4925,103.356,-0.1087
4926,103.039,-0.108
4927,102.704,-0.1077
4928,102.394,-0.1075
4929,102.141,-0.1077
4930,101.966,-0.108
4931,101.893,-0.1087
4932,101.958,-0.1085
4933,102.199,-0.1092
4934,102.613,-0.11
4935,103.091,-0.1113
4936,103.428,-0.1125
4937,103.44,-0.1148
4938,103.122,-0.1177
4939,102.648,-0.1197
4940,102.227,-0.1218
4941,101.977,-0.1258
4942,101.889,-0.1308
4943,101.901,-0.1358
4944,101.986,-0.1405
4945,102.18,-0.1447
4946,102.514,-0.1505
4947,102.921,-0.1562
4948,103.205,-0.1618
4949,103.166,-0.1677
4950,102.756,-0.1742
4951,102.152,-0.1808
4952,101.693,-0.1867
4953,101.637,-0.1915
4954,101.962,-0.1962
4955,102.484,-0.2008
4956,103.002,-0.208
4957,103.386,-0.2152
4958,103.622,-0.2225
4959,103.747,-0.2292
4960,103.787,-0.236
4961,103.787,-0.2433
4962,103.783,-0.2508
4963,103.714,-0.2583
4964,103.461,-0.267
4965,103.032,-0.2762
4966,102.69,-0.2855
4967,102.822,-0.2963
4968,103.566,-0.307
4969,104.616,-0.3175
4970,105.522,-0.3282
4971,106.145,-0.3385
4972,106.675,-0.348
4973,107.247,-0.3568
4974,107.708,-0.366
4975,107.789,-0.3747
4976,107.432,-0.3838
4977,106.867,-0.3922
4978,106.362,-0.3995
4979,106.034,-0.4078
4980,105.948,-0.416
4981,106.196,-0.4225
4982,106.73,-0.4285
4983,107.291,-0.4347
4984,107.558,-0.441
4985,107.375,-0.4472
4986,106.872,-0.4517
4987,106.311,-0.4565
4988,105.829,-0.4613
4989,105.402,-0.468
4990,104.958,-0.474
4991,104.42,-0.4797
4992,103.736,-0.4857
4993,102.928,-0.4933
4994,102.059,-0.5008
4995,101.262,-0.5092
4996,100.768,-0.515
4997,100.732,-0.521
4998,101.069,-0.5272
4999,101.528,-0.534
5000,101.81,-0.541
5001,101.705,-0.549
5002,101.264,-0.5575
5003,100.715,-0.566
5004,100.125,-0.5723
5005,99.401,-0.578
5006,98.668,-0.5837
5007,98.361,-0.5882
5008,98.877,-0.5925
5009,100.24,-0.5965
5010,101.975,-0.6002
5011,103.392,-0.604
5012,104.125,-0.6095
5013,104.309,-0.6152
5014,104.307,-0.621
5015,104.378,-0.6267
5016,104.468,-0.6327
5017,104.233,-0.6388
5018,103.456,-0.644
5019,102.445,-0.6512
5020,101.875,-0.6587
5021,102.154,-0.6658
5022,102.971,-0.6723
5023,103.573,-0.6785
5024,103.496,-0.685
5025,102.914,-0.6913
5026,102.321,-0.6977
5027,102.079,-0.704
5028,102.23,-0.7097
5029,102.566,-0.7135
5030,102.812,-0.7185
5031,102.812,-0.7238
5032,102.589,-0.7295
5033,102.288,-0.735
5034,101.99,-0.7405
5035,101.608,-0.7452
5036,101.1,-0.7505
5037,100.664,-0.7555
5038,100.569,-0.7595
5039,100.882,-0.7638
5040,101.401,-0.7678
5041,101.82,-0.7702
5042,101.994,-0.773
5043,102.013,-0.7757
5044,102.006,-0.779
5045,101.988,-0.783
5046,101.898,-0.787
5047,101.718,-0.791
5048,101.535,-0.7952
5049,101.47,-0.7995
5050,101.557,-0.8037
5051,101.666,-0.808
5052,101.603,-0.812
5053,101.345,-0.8155
5054,101.104,-0.8178
5055,101.101,-0.8197
5056,101.358,-0.8212
5057,101.706,-0.8228
5058,101.948,-0.8255
5059,102.025,-0.827
5060,102.015,-0.8283
5061,101.997,-0.8297
5062,101.99,-0.831
5063,101.989,-0.8323
5064,101.99,-0.833
5065,101.99,-0.834
5066,101.983,-0.8357
5067,101.966,-0.8372
5068,101.966,-0.8393
5069,102.04,-0.8403
5070,102.207,-0.8405
5071,102.385,-0.8407
5072,102.456,-0.8405
5073,102.375,-0.84
5074,102.198,-0.8395
5075,102.041,-0.8388
5076,101.977,-0.8375
5077,101.978,-0.8355
5078,101.981,-0.8342
5079,101.964,-0.8325
5080,101.943,-0.8308
5081,101.924,-0.8285
5082,101.926,-0.8263
5083,102.009,-0.8247
5084,102.249,-0.8228
5085,102.652,-0.8188
5086,103.105,-0.8147
5087,103.421,-0.8103
5088,103.494,-0.806
5089,103.399,-0.8008
5090,103.259,-0.7955
5091,103.097,-0.7903
5092,102.866,-0.784
5093,102.57,-0.776
5094,102.327,-0.7685
5095,102.27,-0.7612
5096,102.368,-0.7545
5097,102.446,-0.7478
5098,102.389,-0.741
5099,102.227,-0.7335
5100,102.071,-0.7242
5101,101.989,-0.7162
5102,101.975,-0.7085
5103,102.045,-0.7007
5104,102.272,-0.6907
5105,102.659,-0.6825
5106,103.045,-0.6735
5107,103.196,-0.665
5108,103.025,-0.6578
5109,102.699,-0.6492
5110,102.469,-0.6417
5111,102.42,-0.6342
5112,102.437,-0.629
5113,102.371,-0.624
5114,102.2,-0.619
5115,102.029,-0.6158
5116,101.951,-0.6125
5117,101.952,-0.6112
5118,101.974,-0.61
5119,101.986,-0.609
5120,101.984,-0.6083
5121,101.979,-0.6078
5122,101.984,-0.6078
5123,101.99,-0.6078
5124,101.923,-0.6083
5125,101.686,-0.6103
5126,101.258,-0.6135
5127,100.775,-0.617
5128,100.508,-0.6195
5129,100.669,-0.6238
5130,101.189,-0.6282
5131,101.75,-0.6327
5132,102.008,-0.6382
5133,101.817,-0.6457
5134,101.384,-0.6532
5135,101.131,-0.6618
5136,101.297,-0.6698
5137,101.747,-0.6777
5138,102.106,-0.6857
5139,102.036,-0.693
5140,101.53,-0.702
5141,100.946,-0.709
5142,100.68,-0.716
5143,100.85,-0.7255
5144,101.282,-0.7372
5145,101.711,-0.747
5146,101.965,-0.7567
5147,102.04,-0.7647
5148,102.032,-0.7712
5149,102.016,-0.78
5150,102.008,-0.789
5151,102.003,-0.7963
5152,102,-0.8013
5153,101.992,-0.8067
5154,101.998,-0.8122
5155,102.069,-0.8155
5156,102.222,-0.8188
5157,102.382,-0.821
5158,102.436,-0.8237
5159,102.363,-0.8252
5160,102.264,-0.828
5161,102.263,-0.8308
5162,102.367,-0.833
5163,102.506,-0.8335
5164,102.66,-0.834
5165,102.872,-0.8327
5166,103.163,-0.8303
5167,103.463,-0.8263
5168,103.671,-0.8233
5169,103.811,-0.8195
5170,104.045,-0.8157
5171,104.445,-0.8117
5172,104.865,-0.8073
5173,105.053,-0.8027
5174,104.902,-0.7993
5175,104.579,-0.7937
5176,104.4,-0.7885
5177,104.55,-0.7823
5178,104.945,-0.776
5179,105.352,-0.7705
5180,105.599,-0.765
5181,105.679,-0.7607
5182,105.683,-0.7565
5183,105.677,-0.7508
5184,105.671,-0.7452
5185,105.673,-0.74
5186,105.745,-0.7345
5187,105.977,-0.7313
5188,106.368,-0.7282
5189,106.768,-0.7258
5190,106.933,-0.7213
5191,106.675,-0.7185
5192,106.029,-0.716
5193,105.297,-0.713
5194,104.812,-0.7092
5195,104.607,-0.7063
5196,104.411,-0.704
5197,103.959,-0.7045
5198,103.239,-0.7043
5199,102.5,-0.7052
5200,102.034,-0.7047
5201,101.889,-0.7057
5202,101.84,-0.7065
5203,101.648,-0.7065
5204,101.258,-0.7065
5205,100.777,-0.7085
5206,100.359,-0.7105
5207,100.114,-0.7132
5208,100.039,-0.7157
5209,100.054,-0.7215
5210,100.073,-0.7268
5211,100.005,-0.7325
5212,99.788,-0.7368
5213,99.46,-0.741
5214,99.136,-0.7445
5215,98.902,-0.7505
5216,98.813,-0.756
5217,98.884,-0.7625
5218,99.094,-0.769
5219,99.475,-0.775
5220,100.107,-0.781
5221,100.974,-0.7865
5222,101.94,-0.7923
5223,102.822,-0.7963
5224,103.425,-0.8002
5225,103.636,-0.804
5226,103.538,-0.808
5227,103.359,-0.8117
5228,103.287,-0.8155
5229,103.372,-0.8188
5230,103.554,-0.822
5231,103.72,-0.8252
5232,103.797,-0.8268
5233,103.804,-0.8283
5234,103.797,-0.8285
5235,103.797,-0.8287
5236,103.804,-0.8283
5237,103.796,-0.8247
5238,103.719,-0.8197
5239,103.556,-0.8147
5240,103.381,-0.8098
5241,103.303,-0.8035
5242,103.368,-0.797
5243,103.529,-0.7925
5244,103.679,-0.7883
5245,103.743,-0.7838
5246,103.74,-0.781
5247,103.731,-0.7755
5248,103.741,-0.77
5249,103.749,-0.7612
5250,103.678,-0.7512
5251,103.452,-0.7417
5252,103.123,-0.734
5253,102.874,-0.7262
5254,102.852,-0.719
5255,103.078,-0.7105
5256,103.5,-0.7015
5257,104.072,-0.6925
5258,104.69,-0.6827
5259,105.075,-0.6733
5260,104.859,-0.665
5261,103.847,-0.6565
5262,102.222,-0.6485
5263,100.437,-0.6412
5264,98.892,-0.634
5265,97.805,-0.6255
5266,97.303,-0.6178
5267,97.47,-0.6095
5268,98.301,-0.6012
5269,99.64,-0.5917
5270,101.144,-0.582
5271,102.378,-0.5723
5272,103.007,-0.564
5273,102.944,-0.556
5274,102.47,-0.55
5275,102.101,-0.5435
5276,102.189,-0.537
5277,102.684,-0.5305
5278,103.275,-0.5258
5279,103.677,-0.521
5280,103.823,-0.5163
5281,103.817,-0.5112
5282,103.722,-0.5068
5283,103.489,-0.502
5284,103.095,-0.4965
5285,102.628,-0.4908
5286,102.227,-0.4833
5287,101.988,-0.4793
5288,101.908,-0.4752
5289,101.888,-0.4705
5290,101.815,-0.4672
5291,101.655,-0.4633
5292,101.486,-0.4595
5293,101.409,-0.455
5294,101.485,-0.4495
5295,101.744,-0.4437
5296,102.154,-0.4387
5297,102.584,-0.4335
5298,102.855,-0.429
5299,102.855,-0.424
5300,102.603,-0.4177
5301,102.259,-0.4123
5302,102.018,-0.406
5303,101.94,-0.4005
5304,101.947,-0.394
5305,101.962,-0.389
5306,101.965,-0.3832
5307,101.966,-0.3775
5308,101.968,-0.3717
5309,101.969,-0.3665
5310,101.963,-0.362
5311,101.968,-0.3575
5312,102.04,-0.353
5313,102.198,-0.3473
5314,102.37,-0.3402
5315,102.448,-0.334
5316,102.385,-0.3282
5317,102.227,-0.3225
5318,102.077,-0.3168
5319,102.009,-0.311
5320,102.003,-0.3043
5321,102.011,-0.2978
5322,102.015,-0.2913
5323,102.02,-0.2848
5324,102.024,-0.2787
5325,102.024,-0.274
5326,102.016,-0.269
5327,102.001,-0.264
5328,101.982,-0.2595
5329,101.967,-0.2557
5330,101.948,-0.2515
5331,101.862,-0.2472
5332,101.629,-0.2423
5333,101.237,-0.238
5334,100.777,-0.2342
5335,100.385,-0.2298
5336,100.151,-0.2248
5337,100.078,-0.22
5338,100.149,-0.2152
5339,100.38,-0.2112
5340,100.787,-0.2073
5341,101.326,-0.2027
5342,101.884,-0.1982
5343,102.354,-0.193
5344,102.72,-0.1888
5345,103.051,-0.1842
5346,103.437,-0.1797
5347,103.915,-0.1742
5348,104.38,-0.1688
5349,104.664,-0.1638
5350,104.794,-0.1588
5351,104.995,-0.1535
5352,105.402,-0.1483
5353,105.9,-0.144
5354,106.228,-0.143
5355,106.211,-0.1405
5356,105.961,-0.1375
5357,105.733,-0.1345
5358,105.597,-0.1315
5359,105.4,-0.1278
5360,105.017,-0.125
5361,104.474,-0.1223
5362,103.91,-0.12
5363,103.482,-0.1177
5364,103.252,-0.116
5365,103.228,-0.1133
5366,103.457,-0.111
5367,103.938,-0.1087
5368,104.554,-0.1058
5369,105.144,-0.1027
5370,105.541,-0.1
5371,105.636,-0.0968
5372,105.425,-0.0948
5373,104.944,-0.0927
5374,104.235,-0.0907
5375,103.419,-0.0895
5376,102.693,-0.0888
5377,102.205,-0.088
5378,101.961,-0.0875
5379,101.824,-0.087
5380,101.608,-0.0875
5381,101.233,-0.088
5382,100.778,-0.0885
5383,100.383,-0.089
5384,100.161,-0.0902
5385,100.166,-0.0917
5386,100.393,-0.0932
5387,100.788,-0.0963
5388,101.245,-0.1002
5389,101.636,-0.1045
5390,101.857,-0.1087
5391,101.863,-0.1133
5392,101.65,-0.1165
5393,101.187,-0.1197
5394,100.419,-0.121
5395,99.391,-0.1235
5396,98.357,-0.127
5397,97.653,-0.1305
5398,97.431,-0.134
5399,97.485,-0.1383
5400,97.383,-0.1422
5401,96.832,-0.146
5402,95.882,-0.149
5403,94.81,-0.152
5404,93.947,-0.1542
5405,93.557,-0.1555
5406,93.665,-0.1573
5407,93.987,-0.1588
5408,94.14,-0.1603
5409,93.913,-0.1608
5410,93.393,-0.1615
5411,92.837,-0.1628
5412,92.334,-0.1643
5413,91.693,-0.1657
5414,90.765,-0.1653
5415,89.714,-0.1648
5416,88.882,-0.164
5417,88.506,-0.1645
5418,88.598,-0.1648
5419,89.018,-0.1625
5420,89.574,-0.1593
5421,90.181,-0.1578
5422,90.955,-0.1562
5423,92.043,-0.1547
5424,93.392,-0.1525
5425,94.718,-0.1505
5426,95.712,-0.1483
5427,96.354,-0.1455
5428,97.012,-0.1417
5429,98.108,-0.1388
5430,99.68,-0.1358
5431,101.375,-0.1323
5432,102.788,-0.1278
5433,103.787,-0.1255
5434,104.543,-0.1233
5435,105.286,-0.1205
5436,106.063,-0.1167
5437,106.743,-0.1128
5438,107.206,-0.1082
5439,107.498,-0.1017
5440,107.782,-0.0955
5441,108.166,-0.0895
5442,108.628,-0.083
5443,109.102,-0.0772
5444,109.567,-0.0718
5445,110.035,-0.067
5446,110.504,-0.062
5447,110.962,-0.057
5448,111.409,-0.0513
5449,111.878,-0.0462
5450,112.429,-0.0408
5451,113.049,-0.0353
5452,113.609,-0.0295
5453,113.995,-0.0238
5454,114.218,-0.0202
5455,114.358,-0.0172
5456,114.509,-0.0142
5457,114.76,-0.011
5458,115.08,-0.0077
5459,115.325,-0.0053
5460,115.399,-0.0032
5461,115.32,0.0005
5462,115.149,0.0032
5463,114.928,0.0047
5464,114.646,0.0063
5465,114.26,0.0085
5466,113.736,0.01
5467,113.042,0.0115
5468,112.112,0.013
5469,110.884,0.015
5470,109.39,0.0172
5471,107.757,0.0163
5472,106.114,0.013
5473,104.53,0.012
5474,103.043,0.0152
5475,101.692,0.018
5476,100.527,0.0208
5477,99.599,0.024
5478,98.913,0.026
5479,98.414,0.026
5480,97.985,0.0258
5481,97.479,0.0255
5482,96.807,0.0253
5483,96.023,0.0258
5484,95.245,0.0272
5485,94.534,0.0287
5486,93.904,0.0302
5487,93.384,0.0285
5488,93,0.031
5489,92.714,0.0335
5490,92.426,0.0355
5491,92.017,0.0385
5492,91.409,0.0418
5493,90.629,0.0457
5494,89.829,0.05
5495,89.143,0.0542
5496,88.584,0.0583
5497,88.07,0.0638
5498,87.47,0.0692
5499,86.673,0.0695
5500,85.671,0.0772
5501,84.542,0.086
5502,83.434,0.0958
5503,82.579,0.1068
5504,82.199,0.1172
5505,82.304,0.1273
5506,82.633,0.1378
5507,82.876,0.1483
5508,82.959,0.158
5509,83.05,0.1683
5510,83.307,0.1818
5511,83.664,0.198
5512,83.906,0.215
5513,83.897,0.231
5514,83.708,0.2427
5515,83.514,0.2545
5516,83.418,0.267
5517,83.415,0.2787
5518,83.509,0.2913
5519,83.737,0.3045
5520,84.053,0.3185
5521,84.352,0.3325
5522,84.57,0.3458
5523,84.727,0.359
5524,84.881,0.3733
5525,85.053,0.3877
5526,85.133,0.4027
5527,84.978,0.4208
5528,84.59,0.434
5529,84.115,0.447
5530,83.712,0.46
5531,83.477,0.469
5532,83.405,0.4788
5533,83.4,0.4878
5534,83.333,0.4967
5535,83.107,0.511
5536,82.715,0.526
5537,82.253,0.54
5538,81.858,0.5543
5539,81.626,0.5723
5540,81.556,0.5835
5541,81.553,0.5938
5542,81.49,0.604
5543,81.267,0.615
5544,80.877,0.6265
5545,80.414,0.638
5546,80.017,0.6495
5547,79.787,0.661
5548,79.716,0.6715
5549,79.717,0.6817
5550,79.721,0.6885
5551,79.717,0.695
5552,79.697,0.7007
5553,79.625,0.7072
5554,79.473,0.7143
5555,79.247,0.7208
5556,78.962,0.7265
5557,78.642,0.732
5558,78.338,0.7372
5559,78.09,0.7437
5560,77.929,0.7498
5561,77.864,0.7555
5562,77.857,0.761
5563,77.857,0.7665
5564,77.847,0.769
5565,77.835,0.77
5566,77.845,0.772
5567,77.92,0.7742
5568,78.085,0.776
5569,78.327,0.7772
5570,78.624,0.779
5571,78.94,0.7838
5572,79.239,0.788
5573,79.545,0.7923
5574,79.931,0.7965
5575,80.465,0.7955
5576,81.191,0.795
5577,82.071,0.7947
5578,82.93,0.7943
5579,83.554,0.7933
5580,83.9,0.792
5581,84.18,0.7907
5582,84.631,0.7912
5583,85.213,0.7917
5584,85.582,0.7917
5585,85.429,0.7915
5586,84.797,0.791
5587,84.062,0.7903
5588,83.591,0.795
5589,83.449,0.799
5590,83.465,0.803
5591,83.49,0.807
5592,83.488,0.8098
5593,83.485,0.8127
5594,83.535,0.8193
5595,83.681,0.8263
5596,83.907,0.8337
5597,84.132,0.8412
5598,84.227,0.8488
5599,84.118,0.854
5600,83.872,0.8585
5601,83.678,0.8675
5602,83.736,0.8765
5603,84.154,0.8818
5604,84.869,0.8863
5605,85.66,0.8943
5606,86.3,0.9007
5607,86.782,0.9075
5608,87.255,0.914
5609,87.69,0.9185
5610,87.846,0.9253
5611,87.578,0.9317
5612,87.029,0.938
5613,86.569,0.944
5614,86.551,0.9498
5615,87.009,0.9572
5616,87.729,0.9633
5617,88.541,0.9698
5618,89.366,0.9763
5619,90.075,0.984
5620,90.529,0.9917
5621,90.711,0.999
5622,90.802,1.005
5623,91.148,1.0103
5624,92.012,1.016
5625,93.323,1.022
5626,94.698,1.033
5627,95.747,1.0443
5628,96.409,1.0513
5629,96.998,1.059
5630,97.856,1.0668
5631,99.035,1.0733
5632,100.327,1.081
5633,101.492,1.089
5634,102.414,1.093
5635,103.085,1.0973
5636,103.519,1.1013
5637,103.736,1.1058
5638,103.795,1.1113
5639,103.78,1.1175
5640,103.753,1.1245
5641,103.734,1.1265
5642,103.729,1.1288
5643,103.747,1.1355
5644,103.769,1.1442
5645,103.72,1.1545
5646,103.503,1.1623
5647,103.109,1.168
5648,102.622,1.174
5649,102.137,1.1825
5650,101.68,1.188
5651,101.214,1.1943
5652,100.681,1.2005
5653,100.073,1.2085
5654,99.449,1.2165
5655,98.837,1.222
5656,98.213,1.2275
5657,97.597,1.2328
5658,97.062,1.238
5659,96.675,1.241
5660,96.452,1.2455
5661,96.293,1.2505
5662,96.045,1.2552
5663,95.724,1.259
5664,95.549,1.2628
5665,95.712,1.2668
5666,96.202,1.2703
5667,96.833,1.272
5668,97.374,1.2715
5669,97.731,1.271
5670,98.03,1.271
5671,98.485,1.2722
5672,99.201,1.2735
5673,100.112,1.2743
5674,101.01,1.2755
5675,101.66,1.2755
5676,101.966,1.2752
5677,102.03,1.2748
5678,101.997,1.2735
5679,101.891,1.272
5680,101.637,1.2703
5681,101.224,1.2692
5682,100.749,1.268
5683,100.36,1.2677
5684,100.152,1.267
5685,100.104,1.2628
5686,100.11,1.2612
5687,100.11,1.2615
5688,100.165,1.2615
5689,100.378,1.265
5690,100.768,1.2665
5691,101.252,1.2677
5692,101.732,1.2695
5693,102.12,1.2703
5694,102.342,1.271
5695,102.396,1.273
5696,102.371,1.2755
5697,102.408,1.2807
5698,102.657,1.2863
5699,103.236,1.2945
5700,104.137,1.3015
5701,105.134,1.3097
5702,105.843,1.3182
5703,105.975,1.326
5704,105.566,1.3345
5705,105.011,1.344
5706,104.789,1.3495
5707,105.069,1.3572
5708,105.548,1.3705
5709,105.7,1.3882
5710,105.228,1.4065
5711,104.259,1.4257
5712,103.187,1.4435
5713,102.388,1.4623
5714,101.963,1.4772
5715,101.683,1.4945
5716,101.253,1.512
5717,100.572,1.536
5718,99.701,1.5605
5719,98.695,1.586
5720,97.511,1.6108
5721,96.088,1.636
5722,94.509,1.6622
5723,93.01,1.6872
5724,91.794,1.7132
5725,90.848,1.7375
5726,89.964,1.7663
5727,88.905,1.7955
5728,87.566,1.8253
5729,86.048,1.852
5730,84.543,1.8793
5731,83.188,1.906
5732,82.045,1.9325
5733,81.125,1.9582
5734,80.375,1.983
5735,79.697,2.0107
5736,79.004,2.0393
5737,78.248,2.0663
5738,77.456,2.0935
5739,76.7,2.1202
5740,76.002,2.1442
5741,75.305,2.1677
5742,74.55,2.1902
5743,73.756,2.218
5744,72.989,2.2437
5745,72.289,2.269
5746,71.663,2.2973
5747,71.129,2.32
5748,70.751,2.341
5749,70.613,2.3578
5750,70.712,2.3742
5751,70.908,2.3918
5752,71.005,2.41
5753,70.791,2.4268
5754,70.073,2.4425
5755,68.862,2.4577
5756,67.419,2.471
5757,66.069,2.4775
5758,65.006,2.4832
5759,64.186,2.4842
5760,63.361,2.49
5761,62.333,2.4983
5762,61.176,2.5065
5763,60.158,2.5145
5764,59.462,2.5183
5765,58.981,2.5208
5766,58.407,2.5227
5767,57.543,2.5245
5768,56.547,2.5263
5769,55.867,2.5278
5770,55.815,2.53
5771,56.292,2.533
5772,56.973,2.5365
5773,57.624,2.5408
5774,58.187,2.5483
5775,58.696,2.5525
5776,59.103,2.5558
5777,59.201,2.5577
5778,58.806,2.5583
5779,57.989,2.5602
5780,57.094,2.5648
5781,56.51,2.569
5782,56.378,2.574
5783,56.488,2.577
5784,56.5,2.5802
5785,56.274,2.5825
5786,55.947,2.5815
5787,55.705,2.587
5788,55.546,2.5922
5789,55.322,2.597
5790,54.951,2.6025
5791,54.491,2.607
5792,54.029,2.614
5793,53.641,2.6218
5794,53.395,2.633
5795,53.328,2.6437
5796,53.41,2.658
5797,53.508,2.6732
5798,53.422,2.6892
5799,53.083,2.7075
5800,52.683,2.7212
5801,52.493,2.732
5802,52.597,2.742
5803,52.853,2.7535
5804,53.036,2.7652
5805,52.981,2.7797
5806,52.648,2.7905
5807,52.098,2.8008
5808,51.431,2.8085
5809,50.79,2.8145
5810,50.326,2.822
5811,50.101,2.8293
5812,50.04,2.835
5813,49.976,2.8407
5814,49.764,2.844
5815,49.383,2.8478
5816,48.933,2.8497
5817,48.552,2.8522
5818,48.331,2.8567
5819,48.259,2.8605
5820,48.255,2.865
5821,48.255,2.8708
5822,48.248,2.8775
5823,48.236,2.8832
5824,48.225,2.8897
5825,48.218,2.8948
5826,48.201,2.8985
5827,48.129,2.901
5828,47.973,2.903
5829,47.737,2.9045
5830,47.444,2.9028
5831,47.129,2.8995
5832,46.845,2.895
5833,46.633,2.8897
5834,46.505,2.8845
5835,46.388,2.8765
5836,46.081,2.8672
5837,45.376,2.857
5838,44.26,2.8463
5839,42.97,2.8367
5840,41.843,2.8285
5841,41.131,2.82
5842,40.899,2.811
5843,41.08,2.7995
5844,41.578,2.7928
5845,42.293,2.785
5846,43.078,2.7772
5847,43.767,2.7692
5848,44.301,2.7647
5849,44.753,2.761
5850,45.205,2.7565
5851,45.674,2.7517
5852,46.144,2.748
5853,46.617,2.7455
5854,47.084,2.7425
5855,47.479,2.7385
5856,47.706,2.7363
5857,47.761,2.7355
5858,47.752,2.7345
5859,47.822,2.7325
5860,48.061,2.7297
5861,48.442,2.725
5862,48.846,2.719
5863,49.172,2.7117
5864,49.405,2.7043
5865,49.572,2.6985
5866,49.726,2.6935
5867,49.898,2.6885
5868,50.04,2.683
5869,50.083,2.678
5870,50.063,2.6745
5871,50.115,2.6677
5872,50.365,2.661
5873,50.809,2.655
5874,51.242,2.6488
5875,51.357,2.6437
5876,51.013,2.6375
5877,50.401,2.631
5878,49.897,2.6245
5879,49.797,2.618
5880,50.143,2.613
5881,50.736,2.6088
5882,51.305,2.605
5883,51.63,2.6013
5884,51.601,2.598
5885,51.337,2.596
5886,51.174,2.5935
5887,51.335,2.5913
5888,51.673,2.59
5889,51.823,2.5897
5890,51.62,2.589
5891,51.316,2.5885
5892,51.376,2.5892
5893,52.042,2.5882
5894,53.113,2.5878
5895,54.104,2.588
5896,54.589,2.5895
5897,54.485,2.589
5898,54.049,2.588
5899,53.624,2.5863
5900,53.383,2.584
5901,53.256,2.5815
5902,53.095,2.5795
5903,52.884,2.5777
