t_s,speed_kmh
0,0
21,0
22,1
23,2.6
24,4.8
27,12
32,23.5
33,25.6
34,27.1
35,28
36,28.7
37,29.2
39,30.4
40,29.6
41,28.7
42,27.9
43,27.5
44,27.3
47,27.6
49,27.6
51,27.8
52,28.1
53,28.6
54,29
55,29.2
56,29.5
57,29.7
59,30.5
60,30.7
61,29.7
62,27
63,23
64,18.7
65,14.2
66,9.4
67,4.9
68,2
69,0
73,0
74,1.7
75,5.8
76,11.8
77,18.3
78,24.5
79,29.4
80,32.5
81,34.2
82,34.4
86,34.8
87,35.2
88,36
89,37
90,37.9
91,38.6
92,38.8
93,38.8
94,38.7
95,38.5
96,38
97,37.4
98,36.9
99,36.6
100,36.4
101,36.4
102,36.5
104,36.9
105,37
106,37.2
108,37.4
109,37.3
110,36.8
111,35.8
112,34.7
114,28.9
115,26.7
116,24.6
117,25.2
118,26.2
119,27.6
120,29.2
122,32.8
123,34.3
124,35.1
125,35.3
126,35.1
127,34.6
128,33.7
129,32.2
130,29.6
131,26
132,22
133,18.5
134,16.6
135,17.6
136,21
137,25.2
138,29.1
139,31.4
140,31.9
141,31.4
142,30.6
143,29.5
144,28
145,24.9
146,20.2
147,14.8
148,9.5
149,4.8
150,1.4
151,0
182,0
183,2
184,6
185,12.4
186,21.4
187,30
188,37.1
189,42.5
190,46.6
191,49.8
192,52.4
193,54.4
194,55.6
195,56.1
196,56.2
198,56.2
203,58.7
204,59.3
205,59.8
206,60
207,60
208,59.9
212,59.9
213,59.8
214,59.6
215,59.1
216,57.1
217,53.2
218,48.3
219,43.9
220,40.3
221,39.5
222,41.3
223,45.2
224,50.1
225,53.7
226,55.8
227,55.8
228,54.7
229,53.3
230,52.3
231,52
232,52.1
233,51.8
234,50.8
235,49.2
236,47.5
238,43.9
239,42
240,40.2
242,36.4
243,34.6
244,32.7
245,30.6
246,28.1
247,25.5
248,23.1
249,21.2
251,17.8
252,15.3
253,11.5
254,7.2
255,2.5
256,0
266,0
267,0.5
268,2.9
269,8.2
270,13.2
271,17.8
272,21.4
273,24.1
274,26.4
275,28.4
276,29.9
277,30.5
278,30.5
279,30.3
281,30.1
286,30.1
287,30.2
288,30.4
289,31
290,31.8
292,33.6
293,34.4
294,35
295,35.4
296,35.5
297,35.3
298,34.9
299,33.9
300,32.4
301,30.6
302,28.9
303,27.8
304,27.2
305,26.9
308,25.7
309,25.5
310,25.7
311,26.4
312,27.3
313,28.1
314,27.9
315,26
316,22.7
317,19
318,16
319,14.6
320,15.2
321,16.9
322,19.3
323,22
324,24.6
325,26.8
326,27.9
327,28.1
328,27.7
329,27.2
330,26.8
331,26.6
336,27.6
337,27.7
340,28.3
341,28.6
342,29
343,29.6
344,30.1
345,30.5
346,30.7
347,30.8
353,30.8
354,30.9
356,30.9
357,30.8
358,30.4
359,29.6
360,28.4
361,27.1
362,26
363,25.4
364,25.5
365,26.3
366,27.3
367,28.4
368,29.2
369,29.5
370,29.5
371,29
374,26.3
375,25.7
376,25.5
377,25.6
379,26.4
380,27
381,27.7
382,28.5
383,29.4
384,30.2
385,30.5
386,30.3
389,27.9
390,27.5
391,27.3
392,27
393,26.5
394,25.8
395,25
396,21.5
397,16
398,10
399,5
400,2.2
401,1
402,0
407,0
408,1.2
409,3.2
410,5.9
411,8.8
412,12
413,15.4
414,18.9
415,22.1
416,24.8
417,26.8
419,30.6
420,32.4
421,34
422,35.4
423,36.5
424,37.5
426,39.7
427,40.7
428,41.5
429,41.7
430,41.5
431,41
432,40.6
433,40.3
435,40.1
436,39.8
437,38.9
438,37.5
439,35.8
440,34.2
441,32.5
442,30.9
443,29.4
444,28
447,23.5
448,21.9
449,20.4
450,19.4
451,18.8
453,18
454,17.5
455,16.9
456,16.4
457,16.6
458,17.7
459,19.4
460,20.9
461,22.3
462,23.2
463,23.2
464,22.2
465,20.3
466,17.9
467,15.2
468,12.3
469,9.3
470,6.4
471,3.8
472,2
473,0.9
474,0
485,0
486,1.4
487,4.5
488,8.8
489,13.4
490,17.3
491,19.2
492,19.7
493,19.8
494,20.7
495,23.6
496,28.1
497,32.8
498,36.3
499,37.1
500,35.1
501,31.1
502,28
503,27.5
504,29.5
505,34
506,37
507,38
508,36.1
509,31.5
512,10.5
513,4.5
514,1
515,0
518,0
519,2.9
520,8
523,32
524,38.8
525,43.1
526,46
527,47.5
528,47.5
529,44.8
530,40.1
531,33.8
532,27.2
534,12.8
535,7
536,2.2
537,0
541,0
542,2.7
543,8
546,32
547,37.2
548,40.4
549,43.1
550,44.6
551,45.2
563,46.4
564,46.7
565,47.2
566,48
568,49.8
569,50.5
570,51
571,51.1
572,51
573,50.4
574,49
575,46.7
576,44
577,41.1
578,38.3
579,35.4
580,31.8
581,27.3
582,22.4
583,17.7
584,13.4
585,9.3
586,5.5
587,2
588,0
608,0
609,2.3
610,7.3
611,15.2
612,23.9
613,32.5
614,39.2
615,44.1
616,48.1
617,51.2
618,53.3
621,56.9
622,57.5
623,58
624,58.4
625,58.5
626,58.5
627,58.6
628,58.9
629,59.3
630,59.8
631,60.2
634,61.1
635,61.5
638,63
639,63.4
640,63.7
642,63.9
643,63.8
644,63.2
645,61.7
646,58.9
647,55.2
648,51
649,46.7
650,42.8
651,40.2
652,38.8
653,37.9
654,36.7
655,35.1
656,32.9
657,30.4
658,28
659,25.9
660,24.4
661,23.7
662,23.8
663,25
664,27.3
665,30.4
666,33.9
667,37.3
668,39.8
669,39.5
670,36.3
672,26.5
673,24.2
674,24.8
675,26.6
676,27.5
677,26.8
678,25.3
679,24
680,23.3
681,23.7
682,24.9
683,26.4
684,27.7
685,28.3
686,28.3
687,28.1
688,28.1
689,28.6
690,29.8
691,31.6
692,33.9
694,39.1
695,41.5
696,43.3
697,44.5
698,45.1
699,45.1
700,43.9
701,41.4
702,38.4
703,35.5
704,32.9
705,31.3
706,30.7
707,31
708,32.2
709,34
710,36
711,37.9
712,39.9
713,41.6
714,43.1
715,44.3
716,45
717,45.5
718,45.8
719,46
721,46.2
722,46.1
723,45.7
725,44.3
726,44.7
727,46.8
728,50.1
729,53.6
730,56.9
731,59.4
732,60.2
733,59.3
734,57.5
735,55.4
736,52.5
737,47.9
738,41.4
739,34.4
740,30
741,27
742,26.5
743,28.7
744,33.8
745,40.3
746,46.6
747,50.4
748,54
749,56.9
750,59.1
751,60.6
752,61.7
753,62.6
754,63.1
755,62.9
756,61.7
757,59.4
758,56.6
759,53.7
761,47.7
762,45
763,43.1
764,41.9
766,41.3
767,40.9
768,41.8
769,42.1
770,41.8
771,41.3
772,41.5
773,43.5
774,46.5
775,49.7
776,52.6
777,55
778,56.5
779,57.1
780,57.3
781,57
782,56.3
783,55.2
785,52.6
786,51.4
787,50.1
788,51.5
789,53.1
790,54.8
791,56.6
792,58.5
793,60.6
794,62.8
797,69.1
798,70.9
799,72.2
800,72.8
801,72.8
802,71.9
803,70.5
806,65.4
807,63.9
808,62.8
809,61.8
810,61
811,60.4
812,60
813,60.2
814,61.4
815,63.3
816,65.5
817,67.4
818,68.5
819,68.7
820,68.1
822,66.5
823,65.9
824,65.5
825,64.9
826,64.1
827,63
828,62.1
829,61.6
830,61.7
831,62.3
832,63.5
833,65.3
835,69.3
839,77.7
840,79.7
841,81.5
842,83.1
843,84.6
845,87.4
846,88.7
847,89.6
848,90.2
850,91.2
854,93.6
855,94.1
856,94.3
857,94.4
858,94.4
859,94.3
860,94.3
861,94.2
863,94.2
865,94
866,94
867,93.9
871,93.9
872,94
873,94
878,94.5
881,94.5
882,94.4
887,94.9
888,94.8
889,94.3
890,93.3
891,91.8
892,89.6
893,87
895,81.2
896,78.4
897,75.7
898,73.2
899,71.1
900,69.5
901,68.3
902,67.3
903,66.1
904,63.9
905,60.2
906,54.9
907,48.1
908,40.9
909,36
910,33.9
911,33.9
912,36.5
913,41
914,45.3
915,49.2
916,51.5
917,53.2
918,53.9
919,53.9
920,53.7
921,53.7
922,54.3
923,55.4
924,56.8
925,58.1
926,58.9
927,58.2
928,55.8
929,52.6
930,49.2
931,47.6
932,48.4
933,51.8
935,59.6
936,63
937,65.9
938,68.1
939,69.8
940,71.1
941,72.1
943,73.7
948,77.2
949,77.8
951,79.2
952,80
955,83
956,83.7
957,84.2
958,84.4
959,84.5
960,84.4
961,84.1
962,83.7
963,83.2
964,82.8
965,82.6
969,82.2
971,82.2
972,82.1
973,81.9
975,81.3
976,81.1
977,80.8
979,80.4
980,80.1
981,79.7
982,78.6
983,76.8
984,73.7
985,69.4
991,37
992,33
993,30.9
994,30.9
995,33.5
998,47
999,51
1000,53.5
1001,55.1
1002,56.4
1003,57.3
1004,58.1
1005,58.8
1006,59.4
1007,59.8
1008,59.7
1009,59.4
1010,59.2
1011,59.2
1013,60
1015,61
1016,61.2
1018,61.4
1019,61.7
1020,62.3
1021,63.1
1022,63.6
1023,63.9
1024,63.8
1025,63.6
1026,63.3
1027,62.8
1028,61.9
1029,60.5
1030,58.6
1031,56.5
1032,54.6
1033,53.8
1034,54.5
1035,56.1
1037,59.7
1038,61.2
1039,62.3
1040,63.1
1041,63.6
1042,63.5
1043,62.7
1044,60.9
1045,58.7
1046,56.4
1047,54.5
1048,53.3
1049,53
1050,53.5
1051,54.6
1053,57.6
1054,58.9
1055,59.8
1056,60.3
1057,60.7
1058,61.3
1059,62.4
1060,64.1
1061,66.2
1062,68.1
1063,69.7
1064,70.4
1065,70.7
1068,70.7
1071,70.4
1072,70.2
1073,70.1
1075,69.5
1076,69.1
1077,69.1
1078,69.5
1079,70.3
1080,71.2
1081,72
1082,72.6
1083,72.8
1084,72.7
1085,72
1086,70.4
1087,67.7
1088,64.4
1090,57.6
1091,54
1092,49.7
1093,44.4
1094,38.2
1095,31.2
1097,16.8
1098,10.4
1099,5.7
1100,2.8
1101,1.6
1102,0.3
1103,0
1132,0
1133,2.3
1134,7.2
1135,14.6
1136,23.5
1137,33
1138,42.7
1139,51.8
1140,59.4
1141,65.3
1142,69.6
1143,72.3
1144,73.9
1145,75
1146,75.7
1148,77.3
1149,78.2
1150,78.9
1151,79.4
1152,79.6
1153,79.3
1154,78.8
1155,78.1
1156,77.5
1157,77.2
1158,77.2
1159,77.5
1160,77.9
1162,79.1
1163,79.6
1164,80
1165,80.2
1166,80.3
1167,80.1
1169,79.5
1170,79.1
1171,78.8
1173,78.4
1174,78.3
1175,78
1176,76.7
1177,73.7
1178,69.5
1179,64.8
1180,60.3
1181,56.2
1182,52.5
1183,49
1184,45.2
1185,40.8
1186,35.4
1188,23.4
1189,17.7
1190,12.6
1191,8
1192,4.1
1193,1.3
1194,0
1207,0
1208,0.9
1209,3.2
1210,7.3
1211,12.4
1212,17.9
1214,29.1
1215,34.3
1216,38.6
1217,41.6
1218,43.9
1219,45.9
1221,50.3
1222,52.6
1223,54.8
1224,55.8
1225,55.2
1226,53.9
1227,52.7
1228,52.8
1229,55
1230,58.5
1231,62.3
1232,65.7
1233,68.1
1234,69.1
1236,69.9
1238,71.3
1239,72.2
1240,72.8
1241,73.2
1242,73.4
1243,73.8
1244,74.8
1245,76.7
1246,79.1
1247,81.1
1248,82.1
1249,81.7
1250,80.3
1252,77.3
1253,75.9
1254,75
1255,74.7
1257,74.7
1258,74.6
1259,74.4
1260,74.1
1261,73.9
1262,74.1
1263,75.1
1264,76.8
1265,78.7
1266,80.4
1267,81.7
1270,84.4
1271,85.1
1273,86.3
1274,87
1277,89.7
1278,90.3
1279,90.6
1280,90.6
1282,90.4
1283,90.1
1285,89.3
1286,89
1287,88.8
1288,88.9
1290,89.3
1291,89.4
1292,89.4
1293,89.2
1294,88.9
1295,88.5
1297,87.5
1298,87.2
1299,87.1
1303,87.5
1304,87.4
1306,86.8
1307,86.4
1308,85.9
1309,85.2
1310,84
1311,82.2
1312,80.3
1313,78.6
1314,77.2
1315,75.9
1316,73.8
1317,70.4
1318,65.7
1319,60.5
1320,55.9
1321,53
1322,51.6
1323,50.9
1324,50.5
1325,50.2
1326,50.3
1327,50.6
1329,51.8
1330,52.5
1331,53.4
1332,54.9
1333,57
1334,59.4
1335,61.9
1336,64.3
1337,66.4
1338,68.1
1339,69.6
1340,70.7
1341,71.4
1342,71.8
1343,72.8
1344,75
1345,77.8
1346,80.7
1347,83.3
1348,85.4
1349,87.3
1350,89.1
1351,90.6
1353,93.2
1355,96
1357,99
1358,99.8
1359,99
1360,96.7
1361,93.7
1362,91.3
1363,90.4
1364,90.6
1365,91.1
1366,90.9
1367,89
1368,85.6
1371,73.6
1372,69.7
1373,66
1374,62.7
1375,60
1376,58
1378,54.8
1379,53.3
1380,51.7
1383,47.2
1386,46.9
1388,46.3
1389,46.1
1390,46.1
1391,46.5
1392,47.1
1393,48.1
1394,49.8
1395,52.2
1396,54.8
1397,57.3
1399,61.7
1400,64.4
1401,67.7
1402,71.4
1403,74.9
1404,78.2
1405,81.1
1406,83.9
1407,86.6
1409,91.6
1410,94
1411,96.3
1412,98.4
1413,100.4
1414,102.1
1415,103.6
1418,107.5
1419,108.5
1420,109.3
1422,110.5
1423,110.9
1424,111.2
1425,111.4
1426,111.7
1427,111.9
1428,112.3
1429,113
1430,114.1
1431,115.7
1433,119.3
1434,121
1435,122.2
1436,122.9
1437,123
1439,122.8
1441,122.4
1443,122.2
1446,122.2
1449,122.5
1453,122.5
1454,122.7
1455,122.8
1457,123.2
1460,123.5
1461,123.5
1462,123.6
1465,124.2
1466,124.5
1467,124.7
1468,125
1471,125.3
1473,125.3
1474,125.2
1478,124.4
1479,124.3
1480,123.9
1481,123.3
1482,122.1
1483,120.3
1484,118
1485,115.5
1486,113.2
1487,111.2
1488,110.1
1489,109.7
1490,109.8
1493,110.7
1494,110.9
1495,110.9
1497,110.7
1499,110.1
1500,109.9
1501,109.8
1502,109.9
1503,110.2
1504,110.4
1505,110.7
1506,110.7
1507,110.3
1508,109.3
1509,108
1510,106.5
1511,105.4
1512,104.9
1513,104.7
1514,104.3
1515,103.6
1516,102.6
1518,100.8
1519,100.2
1520,99.8
1521,99.7
1522,99.7
1523,100
1524,100.7
1525,101.8
1526,103.2
1529,108.3
1530,109.9
1531,111.4
1532,112.7
1533,113.7
1534,114.3
1535,114.6
1539,116.2
1540,116.5
1543,116.8
1544,117
1545,117.5
1546,118.3
1548,120.1
1549,120.8
1550,121.1
1551,120.7
1552,119
1553,116.3
1554,113.1
1555,110.3
1556,109
1557,109.4
1558,110.4
1559,111.3
1560,111.5
1561,110.1
1562,107.4
1563,104.4
1564,101.8
1565,100
1566,99.1
1567,98.7
1568,98.2
1569,99
1570,100.5
1571,102.3
1572,103.9
1573,105
1574,105.8
1575,106.5
1577,107.7
1578,108.4
1580,109.6
1581,110.3
1583,111.5
1584,112
1587,112.9
1589,113.3
1590,113.3
1591,113.2
1592,113.2
1593,113.3
1594,113.5
1596,114.3
1598,114.9
1600,115.3
1603,115.6
1604,115.8
1606,116
1609,116
1610,115.9
1612,115.9
1613,115.8
1618,115.8
1620,116
1624,116.8
1626,117.4
1629,118.9
1631,119.5
1636,120.5
1638,121.1
1639,121.5
1640,122
1643,122.9
1644,123.1
1645,123.2
1646,123.4
1647,123.5
1649,123.9
1652,124.8
1654,125.2
1655,125.3
1656,125.1
1657,124.4
1658,123.3
1659,122.1
1661,119.5
1662,118.4
1663,117.8
1664,117.6
1665,117.5
1666,117.5
1668,117.3
1670,116.9
1671,116.6
1673,116.4
1674,116.4
1675,116.5
1676,116.7
1678,117.3
1681,118.5
1682,118.8
1683,118.9
1684,119.1
1685,119.1
1686,119.2
1688,119.2
1689,119.3
1690,119.3
1692,119.5
1693,119.5
1695,119.1
1696,118.7
1697,118.2
1699,117.6
1700,117.5
1701,117.5
1703,117.3
1707,116.1
1711,115.3
1712,115.2
1713,115
1714,114.9
1715,114.9
1716,115
1717,115.2
1719,115.4
1720,115.4
1721,115.2
1723,114.4
1724,113.9
1725,113.6
1726,113.5
1727,113.5
1732,114
1733,114
1735,114.2
1736,114.4
1740,114.8
1741,115
1742,115.3
1744,116.7
1745,117.5
1746,118.2
1747,118.6
1749,118.8
1750,118.8
1751,118.9
1752,119.1
1754,119.7
1755,119.9
1756,120
1757,119.7
1758,118.4
1759,115.9
1761,110.5
1762,107.2
1763,104
1765,96.8
1766,92.8
1767,88.9
1768,84.9
1770,76.3
1771,72.3
1772,68.7
1773,65.5
1774,63
1775,61.2
1776,60.5
1777,60
1779,59.4
1780,59.4
1781,58
1782,55
1783,51
1784,46
1789,10
1790,5
1791,2
1792,0
1800,0
